Algorithm,Connectivity,Steps,File,Start
Tremaux,0,393,M0_1.mz,"[0, 1"]
Modified,0,19,M0_1.mz,"[0, 1"]
Tremaux,0,43,M0_1.mz,"[1, 14"]
Modified,0,21,M0_1.mz,"[1, 14"]
Tremaux,0,253,M0_1.mz,"[2, 3"]
Modified,0,19,M0_1.mz,"[2, 3"]
Tremaux,0,721,M0_1.mz,"[3, 12"]
Modified,0,19,M0_1.mz,"[3, 12"]
Tremaux,0,539,M0_1.mz,"[6, 7"]
Modified,0,9,M0_1.mz,"[6, 7"]
Tremaux,0,187,M0_1.mz,"[7, 6"]
Modified,0,7,M0_1.mz,"[7, 6"]
Tremaux,0,439,M0_1.mz,"[7, 8"]
Modified,0,7,M0_1.mz,"[7, 8"]
Tremaux,0,787,M0_1.mz,"[8, 7"]
Modified,0,5,M0_1.mz,"[8, 7"]
Tremaux,0,53,M0_1.mz,"[11, 2"]
Modified,0,11,M0_1.mz,"[11, 2"]
Tremaux,0,785,M0_1.mz,"[12, 11"]
Modified,0,9,M0_1.mz,"[12, 11"]
Tremaux,0,693,M0_1.mz,"[13, 0"]
Modified,0,13,M0_1.mz,"[13, 0"]
Tremaux,0,463,M0_1.mz,"[14, 13"]
Modified,0,17,M0_1.mz,"[14, 13"]
Tremaux,0,247,M0_10.mz,"[0, 1"]
Modified,0,17,M0_10.mz,"[0, 1"]
Tremaux,0,229,M0_10.mz,"[1, 14"]
Modified,0,19,M0_10.mz,"[1, 14"]
Tremaux,0,461,M0_10.mz,"[2, 3"]
Modified,0,11,M0_10.mz,"[2, 3"]
Tremaux,0,623,M0_10.mz,"[3, 12"]
Modified,0,7,M0_10.mz,"[3, 12"]
Tremaux,0,19,M0_10.mz,"[6, 7"]
Modified,0,5,M0_10.mz,"[6, 7"]
Tremaux,0,99,M0_10.mz,"[7, 6"]
Modified,0,7,M0_10.mz,"[7, 6"]
Tremaux,0,3,M0_10.mz,"[7, 8"]
Modified,0,3,M0_10.mz,"[7, 8"]
Tremaux,0,603,M0_10.mz,"[8, 7"]
Modified,0,5,M0_10.mz,"[8, 7"]
Tremaux,0,433,M0_10.mz,"[11, 2"]
Modified,0,15,M0_10.mz,"[11, 2"]
Tremaux,0,481,M0_10.mz,"[12, 11"]
Modified,0,11,M0_10.mz,"[12, 11"]
Tremaux,0,243,M0_10.mz,"[13, 0"]
Modified,0,19,M0_10.mz,"[13, 0"]
Tremaux,0,451,M0_10.mz,"[14, 13"]
Modified,0,19,M0_10.mz,"[14, 13"]
Tremaux,0,609,M0_2.mz,"[0, 1"]
Modified,0,11,M0_2.mz,"[0, 1"]
Tremaux,0,161,M0_2.mz,"[1, 14"]
Modified,0,423,M0_2.mz,"[1, 14"]
Tremaux,0,133,M0_2.mz,"[2, 3"]
Modified,0,11,M0_2.mz,"[2, 3"]
Tremaux,0,683,M0_2.mz,"[3, 12"]
Modified,0,289,M0_2.mz,"[3, 12"]
Tremaux,0,143,M0_2.mz,"[6, 7"]
Modified,0,275,M0_2.mz,"[6, 7"]
Tremaux,0,231,M0_2.mz,"[7, 6"]
Modified,0,173,M0_2.mz,"[7, 6"]
Tremaux,0,577,M0_2.mz,"[7, 8"]
Modified,0,15,M0_2.mz,"[7, 8"]
Tremaux,0,395,M0_2.mz,"[8, 7"]
Modified,0,11,M0_2.mz,"[8, 7"]
Tremaux,0,17,M0_2.mz,"[11, 2"]
Modified,0,47,M0_2.mz,"[11, 2"]
Tremaux,0,275,M0_2.mz,"[12, 11"]
Modified,0,15,M0_2.mz,"[12, 11"]
Tremaux,0,59,M0_2.mz,"[13, 0"]
Modified,0,7,M0_2.mz,"[13, 0"]
Tremaux,0,501,M0_2.mz,"[14, 13"]
Modified,0,207,M0_2.mz,"[14, 13"]
Tremaux,0,754,M0_3.mz,"[0, 1"]
Modified,0,450,M0_3.mz,"[0, 1"]
Tremaux,0,772,M0_3.mz,"[1, 14"]
Modified,0,16,M0_3.mz,"[1, 14"]
Tremaux,0,94,M0_3.mz,"[2, 3"]
Modified,0,346,M0_3.mz,"[2, 3"]
Tremaux,0,282,M0_3.mz,"[3, 12"]
Modified,0,152,M0_3.mz,"[3, 12"]
Tremaux,0,274,M0_3.mz,"[6, 7"]
Modified,0,14,M0_3.mz,"[6, 7"]
Tremaux,0,712,M0_3.mz,"[7, 6"]
Modified,0,218,M0_3.mz,"[7, 6"]
Tremaux,0,510,M0_3.mz,"[7, 8"]
Modified,0,270,M0_3.mz,"[7, 8"]
Tremaux,0,312,M0_3.mz,"[8, 7"]
Modified,0,12,M0_3.mz,"[8, 7"]
Tremaux,0,764,M0_3.mz,"[11, 2"]
Modified,0,16,M0_3.mz,"[11, 2"]
Tremaux,0,788,M0_3.mz,"[12, 11"]
Modified,0,48,M0_3.mz,"[12, 11"]
Tremaux,0,674,M0_3.mz,"[13, 0"]
Modified,0,16,M0_3.mz,"[13, 0"]
Tremaux,0,2,M0_3.mz,"[14, 13"]
Modified,0,2,M0_3.mz,"[14, 13"]
Tremaux,0,222,M0_4.mz,"[0, 1"]
Modified,0,6,M0_4.mz,"[0, 1"]
Tremaux,0,358,M0_4.mz,"[1, 14"]
Modified,0,18,M0_4.mz,"[1, 14"]
Tremaux,0,186,M0_4.mz,"[2, 3"]
Modified,0,6,M0_4.mz,"[2, 3"]
Tremaux,0,378,M0_4.mz,"[3, 12"]
Modified,0,14,M0_4.mz,"[3, 12"]
Tremaux,0,194,M0_4.mz,"[6, 7"]
Modified,0,6,M0_4.mz,"[6, 7"]
Tremaux,0,14,M0_4.mz,"[7, 6"]
Modified,0,6,M0_4.mz,"[7, 6"]
Tremaux,0,548,M0_4.mz,"[7, 8"]
Modified,0,8,M0_4.mz,"[7, 8"]
Tremaux,0,144,M0_4.mz,"[8, 7"]
Modified,0,8,M0_4.mz,"[8, 7"]
Tremaux,0,350,M0_4.mz,"[11, 2"]
Modified,0,6,M0_4.mz,"[11, 2"]
Tremaux,0,354,M0_4.mz,"[12, 11"]
Modified,0,16,M0_4.mz,"[12, 11"]
Tremaux,0,74,M0_4.mz,"[13, 0"]
Modified,0,8,M0_4.mz,"[13, 0"]
Tremaux,0,246,M0_4.mz,"[14, 13"]
Modified,0,20,M0_4.mz,"[14, 13"]
Tremaux,0,128,M0_5.mz,"[0, 1"]
Modified,0,8,M0_5.mz,"[0, 1"]
Tremaux,0,344,M0_5.mz,"[1, 14"]
Modified,0,12,M0_5.mz,"[1, 14"]
Tremaux,0,42,M0_5.mz,"[2, 3"]
Modified,0,4,M0_5.mz,"[2, 3"]
Tremaux,0,312,M0_5.mz,"[3, 12"]
Modified,0,8,M0_5.mz,"[3, 12"]
Tremaux,0,30,M0_5.mz,"[6, 7"]
Modified,0,4,M0_5.mz,"[6, 7"]
Tremaux,0,402,M0_5.mz,"[7, 6"]
Modified,0,4,M0_5.mz,"[7, 6"]
Tremaux,0,166,M0_5.mz,"[7, 8"]
Modified,0,6,M0_5.mz,"[7, 8"]
Tremaux,0,104,M0_5.mz,"[8, 7"]
Modified,0,6,M0_5.mz,"[8, 7"]
Tremaux,0,532,M0_5.mz,"[11, 2"]
Modified,0,10,M0_5.mz,"[11, 2"]
Tremaux,0,162,M0_5.mz,"[12, 11"]
Modified,0,14,M0_5.mz,"[12, 11"]
Tremaux,0,234,M0_5.mz,"[13, 0"]
Modified,0,14,M0_5.mz,"[13, 0"]
Tremaux,0,98,M0_5.mz,"[14, 13"]
Modified,0,18,M0_5.mz,"[14, 13"]
Tremaux,0,760,M0_6.mz,"[0, 1"]
Modified,0,20,M0_6.mz,"[0, 1"]
Tremaux,0,26,M0_6.mz,"[1, 14"]
Modified,0,8,M0_6.mz,"[1, 14"]
Tremaux,0,750,M0_6.mz,"[2, 3"]
Modified,0,16,M0_6.mz,"[2, 3"]
Tremaux,0,56,M0_6.mz,"[3, 12"]
Modified,0,6,M0_6.mz,"[3, 12"]
Tremaux,0,506,M0_6.mz,"[6, 7"]
Modified,0,8,M0_6.mz,"[6, 7"]
Tremaux,0,380,M0_6.mz,"[7, 6"]
Modified,0,8,M0_6.mz,"[7, 6"]
Tremaux,0,302,M0_6.mz,"[7, 8"]
Modified,0,6,M0_6.mz,"[7, 8"]
Tremaux,0,554,M0_6.mz,"[8, 7"]
Modified,0,8,M0_6.mz,"[8, 7"]
Tremaux,0,316,M0_6.mz,"[11, 2"]
Modified,0,16,M0_6.mz,"[11, 2"]
Tremaux,0,474,M0_6.mz,"[12, 11"]
Modified,0,10,M0_6.mz,"[12, 11"]
Tremaux,0,660,M0_6.mz,"[13, 0"]
Modified,0,20,M0_6.mz,"[13, 0"]
Tremaux,0,522,M0_6.mz,"[14, 13"]
Modified,0,10,M0_6.mz,"[14, 13"]
Tremaux,0,463,M0_7.mz,"[0, 1"]
Modified,0,13,M0_7.mz,"[0, 1"]
Tremaux,0,645,M0_7.mz,"[1, 14"]
Modified,0,1,M0_7.mz,"[1, 14"]
Tremaux,0,45,M0_7.mz,"[2, 3"]
Modified,0,13,M0_7.mz,"[2, 3"]
Tremaux,0,85,M0_7.mz,"[3, 12"]
Modified,0,5,M0_7.mz,"[3, 12"]
Tremaux,0,547,M0_7.mz,"[6, 7"]
Modified,0,13,M0_7.mz,"[6, 7"]
Tremaux,0,645,M0_7.mz,"[7, 6"]
Modified,0,15,M0_7.mz,"[7, 6"]
Tremaux,0,603,M0_7.mz,"[7, 8"]
Modified,0,13,M0_7.mz,"[7, 8"]
Tremaux,0,157,M0_7.mz,"[8, 7"]
Modified,0,15,M0_7.mz,"[8, 7"]
Tremaux,0,95,M0_7.mz,"[11, 2"]
Modified,0,23,M0_7.mz,"[11, 2"]
Tremaux,0,645,M0_7.mz,"[12, 11"]
Modified,0,15,M0_7.mz,"[12, 11"]
Tremaux,0,73,M0_7.mz,"[13, 0"]
Modified,0,27,M0_7.mz,"[13, 0"]
Tremaux,0,729,M0_7.mz,"[14, 13"]
Modified,0,15,M0_7.mz,"[14, 13"]
Tremaux,0,38,M0_8.mz,"[0, 1"]
Modified,0,10,M0_8.mz,"[0, 1"]
Tremaux,0,644,M0_8.mz,"[1, 14"]
Modified,0,10,M0_8.mz,"[1, 14"]
Tremaux,0,186,M0_8.mz,"[2, 3"]
Modified,0,10,M0_8.mz,"[2, 3"]
Tremaux,0,360,M0_8.mz,"[3, 12"]
Modified,0,12,M0_8.mz,"[3, 12"]
Tremaux,0,100,M0_8.mz,"[6, 7"]
Modified,0,4,M0_8.mz,"[6, 7"]
Tremaux,0,560,M0_8.mz,"[7, 6"]
Modified,0,6,M0_8.mz,"[7, 6"]
Tremaux,0,764,M0_8.mz,"[7, 8"]
Modified,0,6,M0_8.mz,"[7, 8"]
Tremaux,0,320,M0_8.mz,"[8, 7"]
Modified,0,6,M0_8.mz,"[8, 7"]
Tremaux,0,632,M0_8.mz,"[11, 2"]
Modified,0,14,M0_8.mz,"[11, 2"]
Tremaux,0,198,M0_8.mz,"[12, 11"]
Modified,0,14,M0_8.mz,"[12, 11"]
Tremaux,0,114,M0_8.mz,"[13, 0"]
Modified,0,18,M0_8.mz,"[13, 0"]
Tremaux,0,310,M0_8.mz,"[14, 13"]
Modified,0,18,M0_8.mz,"[14, 13"]
Tremaux,0,105,M0_9.mz,"[0, 1"]
Modified,0,19,M0_9.mz,"[0, 1"]
Tremaux,0,63,M0_9.mz,"[1, 14"]
Modified,0,17,M0_9.mz,"[1, 14"]
Tremaux,0,79,M0_9.mz,"[2, 3"]
Modified,0,15,M0_9.mz,"[2, 3"]
Tremaux,0,717,M0_9.mz,"[3, 12"]
Modified,0,9,M0_9.mz,"[3, 12"]
Tremaux,0,255,M0_9.mz,"[6, 7"]
Modified,0,7,M0_9.mz,"[6, 7"]
Tremaux,0,363,M0_9.mz,"[7, 6"]
Modified,0,7,M0_9.mz,"[7, 6"]
Tremaux,0,435,M0_9.mz,"[7, 8"]
Modified,0,5,M0_9.mz,"[7, 8"]
Tremaux,0,625,M0_9.mz,"[8, 7"]
Modified,0,5,M0_9.mz,"[8, 7"]
Tremaux,0,291,M0_9.mz,"[11, 2"]
Modified,0,11,M0_9.mz,"[11, 2"]
Tremaux,0,35,M0_9.mz,"[12, 11"]
Modified,0,5,M0_9.mz,"[12, 11"]
Tremaux,0,167,M0_9.mz,"[13, 0"]
Modified,0,17,M0_9.mz,"[13, 0"]
Tremaux,0,235,M0_9.mz,"[14, 13"]
Modified,0,9,M0_9.mz,"[14, 13"]
Tremaux,30,451,M30_1.mz,"[0, 0"]
Modified,30,27,M30_1.mz,"[0, 0"]
Tremaux,30,104,M30_1.mz,"[0, 9"]
Modified,30,224,M30_1.mz,"[0, 9"]
Tremaux,30,261,M30_1.mz,"[0, 14"]
Modified,30,25,M30_1.mz,"[0, 14"]
Tremaux,30,500,M30_1.mz,"[5, 0"]
Modified,30,22,M30_1.mz,"[5, 0"]
Tremaux,30,551,M30_1.mz,"[5, 5"]
Modified,30,3,M30_1.mz,"[5, 5"]
Tremaux,30,291,M30_1.mz,"[5, 9"]
Modified,30,31,M30_1.mz,"[5, 9"]
Tremaux,30,7,M30_1.mz,"[9, 5"]
Modified,30,7,M30_1.mz,"[9, 5"]
Tremaux,30,391,M30_1.mz,"[9, 9"]
Modified,30,21,M30_1.mz,"[9, 9"]
Tremaux,30,88,M30_1.mz,"[9, 14"]
Modified,30,26,M30_1.mz,"[9, 14"]
Tremaux,30,377,M30_1.mz,"[14, 0"]
Modified,30,77,M30_1.mz,"[14, 0"]
Tremaux,30,266,M30_1.mz,"[14, 5"]
Modified,30,14,M30_1.mz,"[14, 5"]
Tremaux,30,167,M30_1.mz,"[14, 14"]
Modified,30,213,M30_1.mz,"[14, 14"]
Tremaux,30,34,M30_10.mz,"[0, 0"]
Modified,30,38,M30_10.mz,"[0, 0"]
Tremaux,30,559,M30_10.mz,"[0, 9"]
Modified,30,1,M30_10.mz,"[0, 9"]
Tremaux,30,226,M30_10.mz,"[0, 14"]
Modified,30,14,M30_10.mz,"[0, 14"]
Tremaux,30,131,M30_10.mz,"[5, 0"]
Modified,30,23,M30_10.mz,"[5, 0"]
Tremaux,30,60,M30_10.mz,"[5, 5"]
Modified,30,168,M30_10.mz,"[5, 5"]
Tremaux,30,254,M30_10.mz,"[5, 9"]
Modified,30,86,M30_10.mz,"[5, 9"]
Tremaux,30,402,M30_10.mz,"[9, 5"]
Modified,30,58,M30_10.mz,"[9, 5"]
Tremaux,30,266,M30_10.mz,"[9, 9"]
Modified,30,64,M30_10.mz,"[9, 9"]
Tremaux,30,117,M30_10.mz,"[9, 14"]
Modified,30,501,M30_10.mz,"[9, 14"]
Tremaux,30,454,M30_10.mz,"[14, 0"]
Modified,30,112,M30_10.mz,"[14, 0"]
Tremaux,30,69,M30_10.mz,"[14, 5"]
Modified,30,377,M30_10.mz,"[14, 5"]
Tremaux,30,102,M30_10.mz,"[14, 14"]
Modified,30,478,M30_10.mz,"[14, 14"]
Tremaux,30,352,M30_2.mz,"[0, 0"]
Modified,30,34,M30_2.mz,"[0, 0"]
Tremaux,30,91,M30_2.mz,"[0, 9"]
Modified,30,39,M30_2.mz,"[0, 9"]
Tremaux,30,510,M30_2.mz,"[0, 14"]
Modified,30,32,M30_2.mz,"[0, 14"]
Tremaux,30,333,M30_2.mz,"[5, 0"]
Modified,30,25,M30_2.mz,"[5, 0"]
Tremaux,30,526,M30_2.mz,"[5, 5"]
Modified,30,16,M30_2.mz,"[5, 5"]
Tremaux,30,128,M30_2.mz,"[5, 9"]
Modified,30,30,M30_2.mz,"[5, 9"]
Tremaux,30,408,M30_2.mz,"[9, 5"]
Modified,30,6,M30_2.mz,"[9, 5"]
Tremaux,30,8,M30_2.mz,"[9, 9"]
Modified,30,8,M30_2.mz,"[9, 9"]
Tremaux,30,533,M30_2.mz,"[9, 14"]
Modified,30,17,M30_2.mz,"[9, 14"]
Tremaux,30,418,M30_2.mz,"[14, 0"]
Modified,30,16,M30_2.mz,"[14, 0"]
Tremaux,30,585,M30_2.mz,"[14, 5"]
Modified,30,7,M30_2.mz,"[14, 5"]
Tremaux,30,540,M30_2.mz,"[14, 14"]
Modified,30,14,M30_2.mz,"[14, 14"]
Tremaux,30,287,M30_3.mz,"[0, 0"]
Modified,30,45,M30_3.mz,"[0, 0"]
Tremaux,30,154,M30_3.mz,"[0, 9"]
Modified,30,34,M30_3.mz,"[0, 9"]
Tremaux,30,153,M30_3.mz,"[0, 14"]
Modified,30,39,M30_3.mz,"[0, 14"]
Tremaux,30,302,M30_3.mz,"[5, 0"]
Modified,30,30,M30_3.mz,"[5, 0"]
Tremaux,30,433,M30_3.mz,"[5, 5"]
Modified,30,39,M30_3.mz,"[5, 5"]
Tremaux,30,65,M30_3.mz,"[5, 9"]
Modified,30,29,M30_3.mz,"[5, 9"]
Tremaux,30,293,M30_3.mz,"[9, 5"]
Modified,30,41,M30_3.mz,"[9, 5"]
Tremaux,30,65,M30_3.mz,"[9, 9"]
Modified,30,87,M30_3.mz,"[9, 9"]
Tremaux,30,318,M30_3.mz,"[9, 14"]
Modified,30,26,M30_3.mz,"[9, 14"]
Tremaux,30,523,M30_3.mz,"[14, 0"]
Modified,30,11,M30_3.mz,"[14, 0"]
Tremaux,30,90,M30_3.mz,"[14, 5"]
Modified,30,82,M30_3.mz,"[14, 5"]
Tremaux,30,105,M30_3.mz,"[14, 14"]
Modified,30,73,M30_3.mz,"[14, 14"]
Tremaux,30,172,M30_4.mz,"[0, 0"]
Modified,30,50,M30_4.mz,"[0, 0"]
Tremaux,30,273,M30_4.mz,"[0, 9"]
Modified,30,35,M30_4.mz,"[0, 9"]
Tremaux,30,276,M30_4.mz,"[0, 14"]
Modified,30,36,M30_4.mz,"[0, 14"]
Tremaux,30,261,M30_4.mz,"[5, 0"]
Modified,30,39,M30_4.mz,"[5, 0"]
Tremaux,30,250,M30_4.mz,"[5, 5"]
Modified,30,42,M30_4.mz,"[5, 5"]
Tremaux,30,404,M30_4.mz,"[5, 9"]
Modified,30,42,M30_4.mz,"[5, 9"]
Tremaux,30,66,M30_4.mz,"[9, 5"]
Modified,30,64,M30_4.mz,"[9, 5"]
Tremaux,30,286,M30_4.mz,"[9, 9"]
Modified,30,84,M30_4.mz,"[9, 9"]
Tremaux,30,277,M30_4.mz,"[9, 14"]
Modified,30,21,M30_4.mz,"[9, 14"]
Tremaux,30,512,M30_4.mz,"[14, 0"]
Modified,30,92,M30_4.mz,"[14, 0"]
Tremaux,30,325,M30_4.mz,"[14, 5"]
Modified,30,5,M30_4.mz,"[14, 5"]
Tremaux,30,384,M30_4.mz,"[14, 14"]
Modified,30,16,M30_4.mz,"[14, 14"]
Tremaux,30,453,M30_5.mz,"[0, 0"]
Modified,30,29,M30_5.mz,"[0, 0"]
Tremaux,30,0,M30_5.mz,"[0, 9"]
Modified,30,0,M30_5.mz,"[0, 9"]
Tremaux,30,539,M30_5.mz,"[0, 14"]
Modified,30,7,M30_5.mz,"[0, 14"]
Tremaux,30,148,M30_5.mz,"[5, 0"]
Modified,30,98,M30_5.mz,"[5, 0"]
Tremaux,30,481,M30_5.mz,"[5, 5"]
Modified,30,75,M30_5.mz,"[5, 5"]
Tremaux,30,539,M30_5.mz,"[5, 9"]
Modified,30,131,M30_5.mz,"[5, 9"]
Tremaux,30,301,M30_5.mz,"[9, 5"]
Modified,30,203,M30_5.mz,"[9, 5"]
Tremaux,30,371,M30_5.mz,"[9, 9"]
Modified,30,231,M30_5.mz,"[9, 9"]
Tremaux,30,64,M30_5.mz,"[9, 14"]
Modified,30,42,M30_5.mz,"[9, 14"]
Tremaux,30,215,M30_5.mz,"[14, 0"]
Modified,30,49,M30_5.mz,"[14, 0"]
Tremaux,30,392,M30_5.mz,"[14, 5"]
Modified,30,32,M30_5.mz,"[14, 5"]
Tremaux,30,471,M30_5.mz,"[14, 14"]
Modified,30,49,M30_5.mz,"[14, 14"]
Tremaux,30,70,M30_6.mz,"[0, 0"]
Modified,30,30,M30_6.mz,"[0, 0"]
Tremaux,30,371,M30_6.mz,"[0, 9"]
Modified,30,25,M30_6.mz,"[0, 9"]
Tremaux,30,146,M30_6.mz,"[0, 14"]
Modified,30,44,M30_6.mz,"[0, 14"]
Tremaux,30,273,M30_6.mz,"[5, 0"]
Modified,30,35,M30_6.mz,"[5, 0"]
Tremaux,30,422,M30_6.mz,"[5, 5"]
Modified,30,16,M30_6.mz,"[5, 5"]
Tremaux,30,46,M30_6.mz,"[5, 9"]
Modified,30,6,M30_6.mz,"[5, 9"]
Tremaux,30,242,M30_6.mz,"[9, 5"]
Modified,30,26,M30_6.mz,"[9, 5"]
Tremaux,30,2,M30_6.mz,"[9, 9"]
Modified,30,2,M30_6.mz,"[9, 9"]
Tremaux,30,175,M30_6.mz,"[9, 14"]
Modified,30,53,M30_6.mz,"[9, 14"]
Tremaux,30,164,M30_6.mz,"[14, 0"]
Modified,30,24,M30_6.mz,"[14, 0"]
Tremaux,30,291,M30_6.mz,"[14, 5"]
Modified,30,23,M30_6.mz,"[14, 5"]
Tremaux,30,216,M30_6.mz,"[14, 14"]
Modified,30,60,M30_6.mz,"[14, 14"]
Tremaux,30,483,M30_7.mz,"[0, 0"]
Modified,30,49,M30_7.mz,"[0, 0"]
Tremaux,30,272,M30_7.mz,"[0, 9"]
Modified,30,144,M30_7.mz,"[0, 9"]
Tremaux,30,387,M30_7.mz,"[0, 14"]
Modified,30,63,M30_7.mz,"[0, 14"]
Tremaux,30,454,M30_7.mz,"[5, 0"]
Modified,30,38,M30_7.mz,"[5, 0"]
Tremaux,30,269,M30_7.mz,"[5, 5"]
Modified,30,85,M30_7.mz,"[5, 5"]
Tremaux,30,191,M30_7.mz,"[5, 9"]
Modified,30,419,M30_7.mz,"[5, 9"]
Tremaux,30,415,M30_7.mz,"[9, 5"]
Modified,30,247,M30_7.mz,"[9, 5"]
Tremaux,30,15,M30_7.mz,"[9, 9"]
Modified,30,3,M30_7.mz,"[9, 9"]
Tremaux,30,98,M30_7.mz,"[9, 14"]
Modified,30,174,M30_7.mz,"[9, 14"]
Tremaux,30,257,M30_7.mz,"[14, 0"]
Modified,30,25,M30_7.mz,"[14, 0"]
Tremaux,30,480,M30_7.mz,"[14, 5"]
Modified,30,46,M30_7.mz,"[14, 5"]
Tremaux,30,201,M30_7.mz,"[14, 14"]
Modified,30,439,M30_7.mz,"[14, 14"]
Tremaux,30,357,M30_8.mz,"[0, 0"]
Modified,30,17,M30_8.mz,"[0, 0"]
Tremaux,30,224,M30_8.mz,"[0, 9"]
Modified,30,72,M30_8.mz,"[0, 9"]
Tremaux,30,177,M30_8.mz,"[0, 14"]
Modified,30,27,M30_8.mz,"[0, 14"]
Tremaux,30,30,M30_8.mz,"[5, 0"]
Modified,30,14,M30_8.mz,"[5, 0"]
Tremaux,30,401,M30_8.mz,"[5, 5"]
Modified,30,9,M30_8.mz,"[5, 5"]
Tremaux,30,351,M30_8.mz,"[5, 9"]
Modified,30,11,M30_8.mz,"[5, 9"]
Tremaux,30,97,M30_8.mz,"[9, 5"]
Modified,30,15,M30_8.mz,"[9, 5"]
Tremaux,30,101,M30_8.mz,"[9, 9"]
Modified,30,17,M30_8.mz,"[9, 9"]
Tremaux,30,104,M30_8.mz,"[9, 14"]
Modified,30,202,M30_8.mz,"[9, 14"]
Tremaux,30,421,M30_8.mz,"[14, 0"]
Modified,30,51,M30_8.mz,"[14, 0"]
Tremaux,30,464,M30_8.mz,"[14, 5"]
Modified,30,44,M30_8.mz,"[14, 5"]
Tremaux,30,433,M30_8.mz,"[14, 14"]
Modified,30,203,M30_8.mz,"[14, 14"]
Tremaux,30,54,M30_9.mz,"[0, 0"]
Modified,30,30,M30_9.mz,"[0, 0"]
Tremaux,30,471,M30_9.mz,"[0, 9"]
Modified,30,305,M30_9.mz,"[0, 9"]
Tremaux,30,424,M30_9.mz,"[0, 14"]
Modified,30,34,M30_9.mz,"[0, 14"]
Tremaux,30,11,M30_9.mz,"[5, 0"]
Modified,30,13,M30_9.mz,"[5, 0"]
Tremaux,30,414,M30_9.mz,"[5, 5"]
Modified,30,10,M30_9.mz,"[5, 5"]
Tremaux,30,292,M30_9.mz,"[5, 9"]
Modified,30,22,M30_9.mz,"[5, 9"]
Tremaux,30,114,M30_9.mz,"[9, 5"]
Modified,30,134,M30_9.mz,"[9, 5"]
Tremaux,30,336,M30_9.mz,"[9, 9"]
Modified,30,22,M30_9.mz,"[9, 9"]
Tremaux,30,435,M30_9.mz,"[9, 14"]
Modified,30,35,M30_9.mz,"[9, 14"]
Tremaux,30,344,M30_9.mz,"[14, 0"]
Modified,30,164,M30_9.mz,"[14, 0"]
Tremaux,30,435,M30_9.mz,"[14, 5"]
Modified,30,43,M30_9.mz,"[14, 5"]
Tremaux,30,60,M30_9.mz,"[14, 14"]
Modified,30,46,M30_9.mz,"[14, 14"]
Tremaux,60,159,M60_1.mz,"[0, 0"]
Modified,60,91,M60_1.mz,"[0, 0"]
Tremaux,60,385,M60_1.mz,"[0, 14"]
Modified,60,13,M60_1.mz,"[0, 14"]
Tremaux,60,43,M60_1.mz,"[2, 10"]
Modified,60,33,M60_1.mz,"[2, 10"]
Tremaux,60,81,M60_1.mz,"[4, 2"]
Modified,60,73,M60_1.mz,"[4, 2"]
Tremaux,60,34,M60_1.mz,"[6, 7"]
Modified,60,34,M60_1.mz,"[6, 7"]
Tremaux,60,280,M60_1.mz,"[7, 6"]
Modified,60,32,M60_1.mz,"[7, 6"]
Tremaux,60,442,M60_1.mz,"[7, 8"]
Modified,60,28,M60_1.mz,"[7, 8"]
Tremaux,60,442,M60_1.mz,"[8, 7"]
Modified,60,30,M60_1.mz,"[8, 7"]
Tremaux,60,19,M60_1.mz,"[10, 12"]
Modified,60,19,M60_1.mz,"[10, 12"]
Tremaux,60,121,M60_1.mz,"[12, 4"]
Modified,60,35,M60_1.mz,"[12, 4"]
Tremaux,60,131,M60_1.mz,"[14, 0"]
Modified,60,131,M60_1.mz,"[14, 0"]
Tremaux,60,141,M60_1.mz,"[14, 14"]
Modified,60,7,M60_1.mz,"[14, 14"]
Tremaux,60,135,M60_10.mz,"[0, 0"]
Modified,60,263,M60_10.mz,"[0, 0"]
Tremaux,60,97,M60_10.mz,"[0, 14"]
Modified,60,189,M60_10.mz,"[0, 14"]
Tremaux,60,171,M60_10.mz,"[2, 10"]
Modified,60,169,M60_10.mz,"[2, 10"]
Tremaux,60,239,M60_10.mz,"[4, 2"]
Modified,60,195,M60_10.mz,"[4, 2"]
Tremaux,60,310,M60_10.mz,"[6, 7"]
Modified,60,398,M60_10.mz,"[6, 7"]
Tremaux,60,168,M60_10.mz,"[7, 6"]
Modified,60,148,M60_10.mz,"[7, 6"]
Tremaux,60,292,M60_10.mz,"[7, 8"]
Modified,60,162,M60_10.mz,"[7, 8"]
Tremaux,60,74,M60_10.mz,"[8, 7"]
Modified,60,390,M60_10.mz,"[8, 7"]
Tremaux,60,101,M60_10.mz,"[10, 12"]
Modified,60,43,M60_10.mz,"[10, 12"]
Tremaux,60,19,M60_10.mz,"[12, 4"]
Modified,60,95,M60_10.mz,"[12, 4"]
Tremaux,60,357,M60_10.mz,"[14, 0"]
Modified,60,425,M60_10.mz,"[14, 0"]
Tremaux,60,409,M60_10.mz,"[14, 14"]
Modified,60,41,M60_10.mz,"[14, 14"]
Tremaux,60,231,M60_2.mz,"[0, 0"]
Modified,60,349,M60_2.mz,"[0, 0"]
Tremaux,60,125,M60_2.mz,"[0, 14"]
Modified,60,255,M60_2.mz,"[0, 14"]
Tremaux,60,291,M60_2.mz,"[2, 10"]
Modified,60,323,M60_2.mz,"[2, 10"]
Tremaux,60,167,M60_2.mz,"[4, 2"]
Modified,60,25,M60_2.mz,"[4, 2"]
Tremaux,60,184,M60_2.mz,"[6, 7"]
Modified,60,452,M60_2.mz,"[6, 7"]
Tremaux,60,252,M60_2.mz,"[7, 6"]
Modified,60,106,M60_2.mz,"[7, 6"]
Tremaux,60,132,M60_2.mz,"[7, 8"]
Modified,60,158,M60_2.mz,"[7, 8"]
Tremaux,60,38,M60_2.mz,"[8, 7"]
Modified,60,160,M60_2.mz,"[8, 7"]
Tremaux,60,121,M60_2.mz,"[10, 12"]
Modified,60,77,M60_2.mz,"[10, 12"]
Tremaux,60,25,M60_2.mz,"[12, 4"]
Modified,60,21,M60_2.mz,"[12, 4"]
Tremaux,60,45,M60_2.mz,"[14, 0"]
Modified,60,43,M60_2.mz,"[14, 0"]
Tremaux,60,133,M60_2.mz,"[14, 14"]
Modified,60,89,M60_2.mz,"[14, 14"]
Tremaux,60,21,M60_3.mz,"[0, 0"]
Modified,60,75,M60_3.mz,"[0, 0"]
Tremaux,60,257,M60_3.mz,"[0, 14"]
Modified,60,99,M60_3.mz,"[0, 14"]
Tremaux,60,229,M60_3.mz,"[2, 10"]
Modified,60,11,M60_3.mz,"[2, 10"]
Tremaux,60,165,M60_3.mz,"[4, 2"]
Modified,60,11,M60_3.mz,"[4, 2"]
Tremaux,60,106,M60_3.mz,"[6, 7"]
Modified,60,52,M60_3.mz,"[6, 7"]
Tremaux,60,360,M60_3.mz,"[7, 6"]
Modified,60,24,M60_3.mz,"[7, 6"]
Tremaux,60,436,M60_3.mz,"[7, 8"]
Modified,60,36,M60_3.mz,"[7, 8"]
Tremaux,60,378,M60_3.mz,"[8, 7"]
Modified,60,36,M60_3.mz,"[8, 7"]
Tremaux,60,321,M60_3.mz,"[10, 12"]
Modified,60,39,M60_3.mz,"[10, 12"]
Tremaux,60,343,M60_3.mz,"[12, 4"]
Modified,60,53,M60_3.mz,"[12, 4"]
Tremaux,60,413,M60_3.mz,"[14, 0"]
Modified,60,161,M60_3.mz,"[14, 0"]
Tremaux,60,395,M60_3.mz,"[14, 14"]
Modified,60,53,M60_3.mz,"[14, 14"]
Tremaux,60,309,M60_4.mz,"[0, 0"]
Modified,60,87,M60_4.mz,"[0, 0"]
Tremaux,60,289,M60_4.mz,"[0, 14"]
Modified,60,375,M60_4.mz,"[0, 14"]
Tremaux,60,419,M60_4.mz,"[2, 10"]
Modified,60,375,M60_4.mz,"[2, 10"]
Tremaux,60,115,M60_4.mz,"[4, 2"]
Modified,60,57,M60_4.mz,"[4, 2"]
Tremaux,60,460,M60_4.mz,"[6, 7"]
Modified,60,24,M60_4.mz,"[6, 7"]
Tremaux,60,278,M60_4.mz,"[7, 6"]
Modified,60,322,M60_4.mz,"[7, 6"]
Tremaux,60,20,M60_4.mz,"[7, 8"]
Modified,60,32,M60_4.mz,"[7, 8"]
Tremaux,60,36,M60_4.mz,"[8, 7"]
Modified,60,32,M60_4.mz,"[8, 7"]
Tremaux,60,411,M60_4.mz,"[10, 12"]
Modified,60,177,M60_4.mz,"[10, 12"]
Tremaux,60,193,M60_4.mz,"[12, 4"]
Modified,60,75,M60_4.mz,"[12, 4"]
Tremaux,60,375,M60_4.mz,"[14, 0"]
Modified,60,91,M60_4.mz,"[14, 0"]
Tremaux,60,211,M60_4.mz,"[14, 14"]
Modified,60,63,M60_4.mz,"[14, 14"]
Tremaux,60,478,M60_5.mz,"[0, 0"]
Modified,60,22,M60_5.mz,"[0, 0"]
Tremaux,60,250,M60_5.mz,"[0, 14"]
Modified,60,92,M60_5.mz,"[0, 14"]
Tremaux,60,238,M60_5.mz,"[2, 10"]
Modified,60,90,M60_5.mz,"[2, 10"]
Tremaux,60,392,M60_5.mz,"[4, 2"]
Modified,60,46,M60_5.mz,"[4, 2"]
Tremaux,60,175,M60_5.mz,"[6, 7"]
Modified,60,3,M60_5.mz,"[6, 7"]
Tremaux,60,337,M60_5.mz,"[7, 6"]
Modified,60,9,M60_5.mz,"[7, 6"]
Tremaux,60,255,M60_5.mz,"[7, 8"]
Modified,60,9,M60_5.mz,"[7, 8"]
Tremaux,60,169,M60_5.mz,"[8, 7"]
Modified,60,5,M60_5.mz,"[8, 7"]
Tremaux,60,352,M60_5.mz,"[10, 12"]
Modified,60,84,M60_5.mz,"[10, 12"]
Tremaux,60,394,M60_5.mz,"[12, 4"]
Modified,60,20,M60_5.mz,"[12, 4"]
Tremaux,60,342,M60_5.mz,"[14, 0"]
Modified,60,22,M60_5.mz,"[14, 0"]
Tremaux,60,418,M60_5.mz,"[14, 14"]
Modified,60,158,M60_5.mz,"[14, 14"]
Tremaux,60,422,M60_6.mz,"[0, 0"]
Modified,60,34,M60_6.mz,"[0, 0"]
Tremaux,60,246,M60_6.mz,"[0, 14"]
Modified,60,368,M60_6.mz,"[0, 14"]
Tremaux,60,350,M60_6.mz,"[2, 10"]
Modified,60,358,M60_6.mz,"[2, 10"]
Tremaux,60,124,M60_6.mz,"[4, 2"]
Modified,60,260,M60_6.mz,"[4, 2"]
Tremaux,60,157,M60_6.mz,"[6, 7"]
Modified,60,279,M60_6.mz,"[6, 7"]
Tremaux,60,481,M60_6.mz,"[7, 6"]
Modified,60,7,M60_6.mz,"[7, 6"]
Tremaux,60,251,M60_6.mz,"[7, 8"]
Modified,60,289,M60_6.mz,"[7, 8"]
Tremaux,60,131,M60_6.mz,"[8, 7"]
Modified,60,177,M60_6.mz,"[8, 7"]
Tremaux,60,234,M60_6.mz,"[10, 12"]
Modified,60,300,M60_6.mz,"[10, 12"]
Tremaux,60,32,M60_6.mz,"[12, 4"]
Modified,60,14,M60_6.mz,"[12, 4"]
Tremaux,60,424,M60_6.mz,"[14, 0"]
Modified,60,24,M60_6.mz,"[14, 0"]
Tremaux,60,284,M60_6.mz,"[14, 14"]
Modified,60,238,M60_6.mz,"[14, 14"]
Tremaux,60,347,M60_7.mz,"[0, 0"]
Modified,60,65,M60_7.mz,"[0, 0"]
Tremaux,60,463,M60_7.mz,"[0, 14"]
Modified,60,13,M60_7.mz,"[0, 14"]
Tremaux,60,351,M60_7.mz,"[2, 10"]
Modified,60,21,M60_7.mz,"[2, 10"]
Tremaux,60,363,M60_7.mz,"[4, 2"]
Modified,60,73,M60_7.mz,"[4, 2"]
Tremaux,60,28,M60_7.mz,"[6, 7"]
Modified,60,392,M60_7.mz,"[6, 7"]
Tremaux,60,178,M60_7.mz,"[7, 6"]
Modified,60,50,M60_7.mz,"[7, 6"]
Tremaux,60,34,M60_7.mz,"[7, 8"]
Modified,60,394,M60_7.mz,"[7, 8"]
Tremaux,60,278,M60_7.mz,"[8, 7"]
Modified,60,74,M60_7.mz,"[8, 7"]
Tremaux,60,285,M60_7.mz,"[10, 12"]
Modified,60,21,M60_7.mz,"[10, 12"]
Tremaux,60,287,M60_7.mz,"[12, 4"]
Modified,60,81,M60_7.mz,"[12, 4"]
Tremaux,60,185,M60_7.mz,"[14, 0"]
Modified,60,105,M60_7.mz,"[14, 0"]
Tremaux,60,39,M60_7.mz,"[14, 14"]
Modified,60,45,M60_7.mz,"[14, 14"]
Tremaux,60,178,M60_8.mz,"[0, 0"]
Modified,60,10,M60_8.mz,"[0, 0"]
Tremaux,60,196,M60_8.mz,"[0, 14"]
Modified,60,56,M60_8.mz,"[0, 14"]
Tremaux,60,20,M60_8.mz,"[2, 10"]
Modified,60,48,M60_8.mz,"[2, 10"]
Tremaux,60,182,M60_8.mz,"[4, 2"]
Modified,60,194,M60_8.mz,"[4, 2"]
Tremaux,60,409,M60_8.mz,"[6, 7"]
Modified,60,121,M60_8.mz,"[6, 7"]
Tremaux,60,397,M60_8.mz,"[7, 6"]
Modified,60,41,M60_8.mz,"[7, 6"]
Tremaux,60,349,M60_8.mz,"[7, 8"]
Modified,60,63,M60_8.mz,"[7, 8"]
Tremaux,60,145,M60_8.mz,"[8, 7"]
Modified,60,59,M60_8.mz,"[8, 7"]
Tremaux,60,308,M60_8.mz,"[10, 12"]
Modified,60,112,M60_8.mz,"[10, 12"]
Tremaux,60,52,M60_8.mz,"[12, 4"]
Modified,60,54,M60_8.mz,"[12, 4"]
Tremaux,60,458,M60_8.mz,"[14, 0"]
Modified,60,42,M60_8.mz,"[14, 0"]
Tremaux,60,222,M60_8.mz,"[14, 14"]
Modified,60,76,M60_8.mz,"[14, 14"]
Tremaux,60,11,M60_9.mz,"[0, 0"]
Modified,60,3,M60_9.mz,"[0, 0"]
Tremaux,60,283,M60_9.mz,"[0, 14"]
Modified,60,61,M60_9.mz,"[0, 14"]
Tremaux,60,351,M60_9.mz,"[2, 10"]
Modified,60,39,M60_9.mz,"[2, 10"]
Tremaux,60,87,M60_9.mz,"[4, 2"]
Modified,60,83,M60_9.mz,"[4, 2"]
Tremaux,60,68,M60_9.mz,"[6, 7"]
Modified,60,62,M60_9.mz,"[6, 7"]
Tremaux,60,346,M60_9.mz,"[7, 6"]
Modified,60,42,M60_9.mz,"[7, 6"]
Tremaux,60,406,M60_9.mz,"[7, 8"]
Modified,60,36,M60_9.mz,"[7, 8"]
Tremaux,60,84,M60_9.mz,"[8, 7"]
Modified,60,56,M60_9.mz,"[8, 7"]
Tremaux,60,403,M60_9.mz,"[10, 12"]
Modified,60,189,M60_9.mz,"[10, 12"]
Tremaux,60,219,M60_9.mz,"[12, 4"]
Modified,60,111,M60_9.mz,"[12, 4"]
Tremaux,60,285,M60_9.mz,"[14, 0"]
Modified,60,95,M60_9.mz,"[14, 0"]
Tremaux,60,335,M60_9.mz,"[14, 14"]
Modified,60,103,M60_9.mz,"[14, 14"]
Tremaux,100,392,M100_1.mz,"[0, 13"]
Modified,100,34,M100_1.mz,"[0, 13"]
Tremaux,100,98,M100_1.mz,"[1, 0"]
Modified,100,86,M100_1.mz,"[1, 0"]
Tremaux,100,411,M100_1.mz,"[1, 11"]
Modified,100,73,M100_1.mz,"[1, 11"]
Tremaux,100,345,M100_1.mz,"[3, 1"]
Modified,100,105,M100_1.mz,"[3, 1"]
Tremaux,100,138,M100_1.mz,"[6, 7"]
Modified,100,42,M100_1.mz,"[6, 7"]
Tremaux,100,420,M100_1.mz,"[7, 6"]
Modified,100,12,M100_1.mz,"[7, 6"]
Tremaux,100,6,M100_1.mz,"[7, 8"]
Modified,100,30,M100_1.mz,"[7, 8"]
Tremaux,100,232,M100_1.mz,"[8, 7"]
Modified,100,16,M100_1.mz,"[8, 7"]
Tremaux,100,317,M100_1.mz,"[11, 13"]
Modified,100,59,M100_1.mz,"[11, 13"]
Tremaux,100,249,M100_1.mz,"[13, 3"]
Modified,100,59,M100_1.mz,"[13, 3"]
Tremaux,100,344,M100_1.mz,"[13, 14"]
Modified,100,114,M100_1.mz,"[13, 14"]
Tremaux,100,64,M100_1.mz,"[14, 1"]
Modified,100,48,M100_1.mz,"[14, 1"]
Tremaux,100,170,M100_10.mz,"[0, 13"]
Modified,100,134,M100_10.mz,"[0, 13"]
Tremaux,100,40,M100_10.mz,"[1, 0"]
Modified,100,98,M100_10.mz,"[1, 0"]
Tremaux,100,245,M100_10.mz,"[1, 11"]
Modified,100,143,M100_10.mz,"[1, 11"]
Tremaux,100,121,M100_10.mz,"[3, 1"]
Modified,100,81,M100_10.mz,"[3, 1"]
Tremaux,100,310,M100_10.mz,"[6, 7"]
Modified,100,284,M100_10.mz,"[6, 7"]
Tremaux,100,284,M100_10.mz,"[7, 6"]
Modified,100,274,M100_10.mz,"[7, 6"]
Tremaux,100,120,M100_10.mz,"[7, 8"]
Modified,100,46,M100_10.mz,"[7, 8"]
Tremaux,100,254,M100_10.mz,"[8, 7"]
Modified,100,234,M100_10.mz,"[8, 7"]
Tremaux,100,131,M100_10.mz,"[11, 13"]
Modified,100,97,M100_10.mz,"[11, 13"]
Tremaux,100,1,M100_10.mz,"[13, 3"]
Modified,100,1,M100_10.mz,"[13, 3"]
Tremaux,100,266,M100_10.mz,"[13, 14"]
Modified,100,102,M100_10.mz,"[13, 14"]
Tremaux,100,34,M100_10.mz,"[14, 1"]
Modified,100,4,M100_10.mz,"[14, 1"]
Tremaux,100,116,M100_2.mz,"[0, 13"]
Modified,100,48,M100_2.mz,"[0, 13"]
Tremaux,100,236,M100_2.mz,"[1, 0"]
Modified,100,98,M100_2.mz,"[1, 0"]
Tremaux,100,407,M100_2.mz,"[1, 11"]
Modified,100,39,M100_2.mz,"[1, 11"]
Tremaux,100,325,M100_2.mz,"[3, 1"]
Modified,100,87,M100_2.mz,"[3, 1"]
Tremaux,100,440,M100_2.mz,"[6, 7"]
Modified,100,6,M100_2.mz,"[6, 7"]
Tremaux,100,22,M100_2.mz,"[7, 6"]
Modified,100,8,M100_2.mz,"[7, 6"]
Tremaux,100,312,M100_2.mz,"[7, 8"]
Modified,100,8,M100_2.mz,"[7, 8"]
Tremaux,100,10,M100_2.mz,"[8, 7"]
Modified,100,8,M100_2.mz,"[8, 7"]
Tremaux,100,255,M100_2.mz,"[11, 13"]
Modified,100,161,M100_2.mz,"[11, 13"]
Tremaux,100,207,M100_2.mz,"[13, 3"]
Modified,100,85,M100_2.mz,"[13, 3"]
Tremaux,100,272,M100_2.mz,"[13, 14"]
Modified,100,130,M100_2.mz,"[13, 14"]
Tremaux,100,106,M100_2.mz,"[14, 1"]
Modified,100,98,M100_2.mz,"[14, 1"]
Tremaux,100,441,M100_3.mz,"[0, 13"]
Modified,100,5,M100_3.mz,"[0, 13"]
Tremaux,100,119,M100_3.mz,"[1, 0"]
Modified,100,115,M100_3.mz,"[1, 0"]
Tremaux,100,8,M100_3.mz,"[1, 11"]
Modified,100,4,M100_3.mz,"[1, 11"]
Tremaux,100,362,M100_3.mz,"[3, 1"]
Modified,100,134,M100_3.mz,"[3, 1"]
Tremaux,100,149,M100_3.mz,"[6, 7"]
Modified,100,157,M100_3.mz,"[6, 7"]
Tremaux,100,211,M100_3.mz,"[7, 6"]
Modified,100,65,M100_3.mz,"[7, 6"]
Tremaux,100,163,M100_3.mz,"[7, 8"]
Modified,100,145,M100_3.mz,"[7, 8"]
Tremaux,100,215,M100_3.mz,"[8, 7"]
Modified,100,53,M100_3.mz,"[8, 7"]
Tremaux,100,76,M100_3.mz,"[11, 13"]
Modified,100,252,M100_3.mz,"[11, 13"]
Tremaux,100,196,M100_3.mz,"[13, 3"]
Modified,100,72,M100_3.mz,"[13, 3"]
Tremaux,100,51,M100_3.mz,"[13, 14"]
Modified,100,61,M100_3.mz,"[13, 14"]
Tremaux,100,291,M100_3.mz,"[14, 1"]
Modified,100,89,M100_3.mz,"[14, 1"]
Tremaux,100,254,M100_4.mz,"[0, 13"]
Modified,100,96,M100_4.mz,"[0, 13"]
Tremaux,100,108,M100_4.mz,"[1, 0"]
Modified,100,88,M100_4.mz,"[1, 0"]
Tremaux,100,251,M100_4.mz,"[1, 11"]
Modified,100,69,M100_4.mz,"[1, 11"]
Tremaux,100,111,M100_4.mz,"[3, 1"]
Modified,100,111,M100_4.mz,"[3, 1"]
Tremaux,100,264,M100_4.mz,"[6, 7"]
Modified,100,68,M100_4.mz,"[6, 7"]
Tremaux,100,110,M100_4.mz,"[7, 6"]
Modified,100,352,M100_4.mz,"[7, 6"]
Tremaux,100,346,M100_4.mz,"[7, 8"]
Modified,100,92,M100_4.mz,"[7, 8"]
Tremaux,100,352,M100_4.mz,"[8, 7"]
Modified,100,340,M100_4.mz,"[8, 7"]
Tremaux,100,13,M100_4.mz,"[11, 13"]
Modified,100,253,M100_4.mz,"[11, 13"]
Tremaux,100,159,M100_4.mz,"[13, 3"]
Modified,100,47,M100_4.mz,"[13, 3"]
Tremaux,100,260,M100_4.mz,"[13, 14"]
Modified,100,256,M100_4.mz,"[13, 14"]
Tremaux,100,128,M100_4.mz,"[14, 1"]
Modified,100,140,M100_4.mz,"[14, 1"]
Tremaux,100,348,M100_5.mz,"[0, 13"]
Modified,100,142,M100_5.mz,"[0, 13"]
Tremaux,100,380,M100_5.mz,"[1, 0"]
Modified,100,62,M100_5.mz,"[1, 0"]
Tremaux,100,329,M100_5.mz,"[1, 11"]
Modified,100,139,M100_5.mz,"[1, 11"]
Tremaux,100,93,M100_5.mz,"[3, 1"]
Modified,100,55,M100_5.mz,"[3, 1"]
Tremaux,100,250,M100_5.mz,"[6, 7"]
Modified,100,166,M100_5.mz,"[6, 7"]
Tremaux,100,208,M100_5.mz,"[7, 6"]
Modified,100,48,M100_5.mz,"[7, 6"]
Tremaux,100,326,M100_5.mz,"[7, 8"]
Modified,100,78,M100_5.mz,"[7, 8"]
Tremaux,100,422,M100_5.mz,"[8, 7"]
Modified,100,216,M100_5.mz,"[8, 7"]
Tremaux,100,191,M100_5.mz,"[11, 13"]
Modified,100,257,M100_5.mz,"[11, 13"]
Tremaux,100,29,M100_5.mz,"[13, 3"]
Modified,100,23,M100_5.mz,"[13, 3"]
Tremaux,100,174,M100_5.mz,"[13, 14"]
Modified,100,12,M100_5.mz,"[13, 14"]
Tremaux,100,320,M100_5.mz,"[14, 1"]
Modified,100,122,M100_5.mz,"[14, 1"]
Tremaux,100,237,M100_6.mz,"[0, 13"]
Modified,100,221,M100_6.mz,"[0, 13"]
Tremaux,100,339,M100_6.mz,"[1, 0"]
Modified,100,235,M100_6.mz,"[1, 0"]
Tremaux,100,244,M100_6.mz,"[1, 11"]
Modified,100,216,M100_6.mz,"[1, 11"]
Tremaux,100,236,M100_6.mz,"[3, 1"]
Modified,100,156,M100_6.mz,"[3, 1"]
Tremaux,100,353,M100_6.mz,"[6, 7"]
Modified,100,11,M100_6.mz,"[6, 7"]
Tremaux,100,71,M100_6.mz,"[7, 6"]
Modified,100,65,M100_6.mz,"[7, 6"]
Tremaux,100,79,M100_6.mz,"[7, 8"]
Modified,100,79,M100_6.mz,"[7, 8"]
Tremaux,100,405,M100_6.mz,"[8, 7"]
Modified,100,17,M100_6.mz,"[8, 7"]
Tremaux,100,94,M100_6.mz,"[11, 13"]
Modified,100,94,M100_6.mz,"[11, 13"]
Tremaux,100,316,M100_6.mz,"[13, 3"]
Modified,100,284,M100_6.mz,"[13, 3"]
Tremaux,100,377,M100_6.mz,"[13, 14"]
Modified,100,401,M100_6.mz,"[13, 14"]
Tremaux,100,63,M100_6.mz,"[14, 1"]
Modified,100,337,M100_6.mz,"[14, 1"]
Tremaux,100,207,M100_7.mz,"[0, 13"]
Modified,100,231,M100_7.mz,"[0, 13"]
Tremaux,100,147,M100_7.mz,"[1, 0"]
Modified,100,153,M100_7.mz,"[1, 0"]
Tremaux,100,292,M100_7.mz,"[1, 11"]
Modified,100,234,M100_7.mz,"[1, 11"]
Tremaux,100,272,M100_7.mz,"[3, 1"]
Modified,100,180,M100_7.mz,"[3, 1"]
Tremaux,100,299,M100_7.mz,"[6, 7"]
Modified,100,201,M100_7.mz,"[6, 7"]
Tremaux,100,391,M100_7.mz,"[7, 6"]
Modified,100,19,M100_7.mz,"[7, 6"]
Tremaux,100,221,M100_7.mz,"[7, 8"]
Modified,100,131,M100_7.mz,"[7, 8"]
Tremaux,100,365,M100_7.mz,"[8, 7"]
Modified,100,11,M100_7.mz,"[8, 7"]
Tremaux,100,134,M100_7.mz,"[11, 13"]
Modified,100,70,M100_7.mz,"[11, 13"]
Tremaux,100,42,M100_7.mz,"[13, 3"]
Modified,100,32,M100_7.mz,"[13, 3"]
Tremaux,100,123,M100_7.mz,"[13, 14"]
Modified,100,63,M100_7.mz,"[13, 14"]
Tremaux,100,51,M100_7.mz,"[14, 1"]
Modified,100,25,M100_7.mz,"[14, 1"]
Tremaux,100,430,M100_8.mz,"[0, 13"]
Modified,100,16,M100_8.mz,"[0, 13"]
Tremaux,100,64,M100_8.mz,"[1, 0"]
Modified,100,22,M100_8.mz,"[1, 0"]
Tremaux,100,257,M100_8.mz,"[1, 11"]
Modified,100,13,M100_8.mz,"[1, 11"]
Tremaux,100,329,M100_8.mz,"[3, 1"]
Modified,100,49,M100_8.mz,"[3, 1"]
Tremaux,100,274,M100_8.mz,"[6, 7"]
Modified,100,156,M100_8.mz,"[6, 7"]
Tremaux,100,28,M100_8.mz,"[7, 6"]
Modified,100,130,M100_8.mz,"[7, 6"]
Tremaux,100,158,M100_8.mz,"[7, 8"]
Modified,100,158,M100_8.mz,"[7, 8"]
Tremaux,100,402,M100_8.mz,"[8, 7"]
Modified,100,132,M100_8.mz,"[8, 7"]
Tremaux,100,231,M100_8.mz,"[11, 13"]
Modified,100,191,M100_8.mz,"[11, 13"]
Tremaux,100,245,M100_8.mz,"[13, 3"]
Modified,100,93,M100_8.mz,"[13, 3"]
Tremaux,100,308,M100_8.mz,"[13, 14"]
Modified,100,116,M100_8.mz,"[13, 14"]
Tremaux,100,184,M100_8.mz,"[14, 1"]
Modified,100,122,M100_8.mz,"[14, 1"]
Tremaux,100,443,M100_9.mz,"[0, 13"]
Modified,100,9,M100_9.mz,"[0, 13"]
Tremaux,100,71,M100_9.mz,"[1, 0"]
Modified,100,51,M100_9.mz,"[1, 0"]
Tremaux,100,0,M100_9.mz,"[1, 11"]
Modified,100,0,M100_9.mz,"[1, 11"]
Tremaux,100,92,M100_9.mz,"[3, 1"]
Modified,100,54,M100_9.mz,"[3, 1"]
Tremaux,100,327,M100_9.mz,"[6, 7"]
Modified,100,311,M100_9.mz,"[6, 7"]
Tremaux,100,281,M100_9.mz,"[7, 6"]
Modified,100,189,M100_9.mz,"[7, 6"]
Tremaux,100,321,M100_9.mz,"[7, 8"]
Modified,100,13,M100_9.mz,"[7, 8"]
Tremaux,100,195,M100_9.mz,"[8, 7"]
Modified,100,185,M100_9.mz,"[8, 7"]
Tremaux,100,46,M100_9.mz,"[11, 13"]
Modified,100,18,M100_9.mz,"[11, 13"]
Tremaux,100,120,M100_9.mz,"[13, 3"]
Modified,100,216,M100_9.mz,"[13, 3"]
Tremaux,100,379,M100_9.mz,"[13, 14"]
Modified,100,17,M100_9.mz,"[13, 14"]
Tremaux,100,115,M100_9.mz,"[14, 1"]
Modified,100,83,M100_9.mz,"[14, 1"]
Tremaux,0,433,M0_1.mz,"[0, 1"]
Modified,0,19,M0_1.mz,"[0, 1"]
Tremaux,0,483,M0_1.mz,"[1, 14"]
Modified,0,21,M0_1.mz,"[1, 14"]
Tremaux,0,477,M0_1.mz,"[2, 3"]
Modified,0,15,M0_1.mz,"[2, 3"]
Tremaux,0,585,M0_1.mz,"[3, 12"]
Modified,0,19,M0_1.mz,"[3, 12"]
Tremaux,0,511,M0_1.mz,"[6, 7"]
Modified,0,9,M0_1.mz,"[6, 7"]
Tremaux,0,159,M0_1.mz,"[7, 6"]
Modified,0,7,M0_1.mz,"[7, 6"]
Tremaux,0,469,M0_1.mz,"[7, 8"]
Modified,0,9,M0_1.mz,"[7, 8"]
Tremaux,0,697,M0_1.mz,"[8, 7"]
Modified,0,5,M0_1.mz,"[8, 7"]
Tremaux,0,189,M0_1.mz,"[11, 2"]
Modified,0,7,M0_1.mz,"[11, 2"]
Tremaux,0,267,M0_1.mz,"[12, 11"]
Modified,0,13,M0_1.mz,"[12, 11"]
Tremaux,0,789,M0_1.mz,"[13, 0"]
Modified,0,11,M0_1.mz,"[13, 0"]
Tremaux,0,569,M0_1.mz,"[14, 13"]
Modified,0,13,M0_1.mz,"[14, 13"]
Tremaux,0,347,M0_10.mz,"[0, 1"]
Modified,0,17,M0_10.mz,"[0, 1"]
Tremaux,0,475,M0_10.mz,"[1, 14"]
Modified,0,19,M0_10.mz,"[1, 14"]
Tremaux,0,531,M0_10.mz,"[2, 3"]
Modified,0,13,M0_10.mz,"[2, 3"]
Tremaux,0,495,M0_10.mz,"[3, 12"]
Modified,0,7,M0_10.mz,"[3, 12"]
Tremaux,0,435,M0_10.mz,"[6, 7"]
Modified,0,5,M0_10.mz,"[6, 7"]
Tremaux,0,107,M0_10.mz,"[7, 6"]
Modified,0,7,M0_10.mz,"[7, 6"]
Tremaux,0,15,M0_10.mz,"[7, 8"]
Modified,0,3,M0_10.mz,"[7, 8"]
Tremaux,0,317,M0_10.mz,"[8, 7"]
Modified,0,7,M0_10.mz,"[8, 7"]
Tremaux,0,357,M0_10.mz,"[11, 2"]
Modified,0,15,M0_10.mz,"[11, 2"]
Tremaux,0,107,M0_10.mz,"[12, 11"]
Modified,0,9,M0_10.mz,"[12, 11"]
Tremaux,0,455,M0_10.mz,"[13, 0"]
Modified,0,21,M0_10.mz,"[13, 0"]
Tremaux,0,199,M0_10.mz,"[14, 13"]
Modified,0,19,M0_10.mz,"[14, 13"]
Tremaux,0,421,M0_2.mz,"[0, 1"]
Modified,0,11,M0_2.mz,"[0, 1"]
Tremaux,0,709,M0_2.mz,"[1, 14"]
Modified,0,495,M0_2.mz,"[1, 14"]
Tremaux,0,227,M0_2.mz,"[2, 3"]
Modified,0,11,M0_2.mz,"[2, 3"]
Tremaux,0,61,M0_2.mz,"[3, 12"]
Modified,0,21,M0_2.mz,"[3, 12"]
Tremaux,0,183,M0_2.mz,"[6, 7"]
Modified,0,15,M0_2.mz,"[6, 7"]
Tremaux,0,411,M0_2.mz,"[7, 6"]
Modified,0,11,M0_2.mz,"[7, 6"]
Tremaux,0,681,M0_2.mz,"[7, 8"]
Modified,0,215,M0_2.mz,"[7, 8"]
Tremaux,0,493,M0_2.mz,"[8, 7"]
Modified,0,11,M0_2.mz,"[8, 7"]
Tremaux,0,805,M0_2.mz,"[11, 2"]
Modified,0,79,M0_2.mz,"[11, 2"]
Tremaux,0,751,M0_2.mz,"[12, 11"]
Modified,0,15,M0_2.mz,"[12, 11"]
Tremaux,0,793,M0_2.mz,"[13, 0"]
Modified,0,7,M0_2.mz,"[13, 0"]
Tremaux,0,123,M0_2.mz,"[14, 13"]
Modified,0,217,M0_2.mz,"[14, 13"]
Tremaux,0,88,M0_3.mz,"[0, 1"]
Modified,0,26,M0_3.mz,"[0, 1"]
Tremaux,0,20,M0_3.mz,"[1, 14"]
Modified,0,670,M0_3.mz,"[1, 14"]
Tremaux,0,70,M0_3.mz,"[2, 3"]
Modified,0,284,M0_3.mz,"[2, 3"]
Tremaux,0,42,M0_3.mz,"[3, 12"]
Modified,0,486,M0_3.mz,"[3, 12"]
Tremaux,0,390,M0_3.mz,"[6, 7"]
Modified,0,150,M0_3.mz,"[6, 7"]
Tremaux,0,216,M0_3.mz,"[7, 6"]
Modified,0,16,M0_3.mz,"[7, 6"]
Tremaux,0,318,M0_3.mz,"[7, 8"]
Modified,0,12,M0_3.mz,"[7, 8"]
Tremaux,0,60,M0_3.mz,"[8, 7"]
Modified,0,190,M0_3.mz,"[8, 7"]
Tremaux,0,710,M0_3.mz,"[11, 2"]
Modified,0,16,M0_3.mz,"[11, 2"]
Tremaux,0,752,M0_3.mz,"[12, 11"]
Modified,0,34,M0_3.mz,"[12, 11"]
Tremaux,0,696,M0_3.mz,"[13, 0"]
Modified,0,16,M0_3.mz,"[13, 0"]
Tremaux,0,2,M0_3.mz,"[14, 13"]
Modified,0,2,M0_3.mz,"[14, 13"]
Tremaux,0,344,M0_4.mz,"[0, 1"]
Modified,0,6,M0_4.mz,"[0, 1"]
Tremaux,0,322,M0_4.mz,"[1, 14"]
Modified,0,18,M0_4.mz,"[1, 14"]
Tremaux,0,196,M0_4.mz,"[2, 3"]
Modified,0,6,M0_4.mz,"[2, 3"]
Tremaux,0,302,M0_4.mz,"[3, 12"]
Modified,0,14,M0_4.mz,"[3, 12"]
Tremaux,0,234,M0_4.mz,"[6, 7"]
Modified,0,6,M0_4.mz,"[6, 7"]
Tremaux,0,50,M0_4.mz,"[7, 6"]
Modified,0,6,M0_4.mz,"[7, 6"]
Tremaux,0,106,M0_4.mz,"[7, 8"]
Modified,0,8,M0_4.mz,"[7, 8"]
Tremaux,0,214,M0_4.mz,"[8, 7"]
Modified,0,8,M0_4.mz,"[8, 7"]
Tremaux,0,248,M0_4.mz,"[11, 2"]
Modified,0,6,M0_4.mz,"[11, 2"]
Tremaux,0,78,M0_4.mz,"[12, 11"]
Modified,0,16,M0_4.mz,"[12, 11"]
Tremaux,0,18,M0_4.mz,"[13, 0"]
Modified,0,8,M0_4.mz,"[13, 0"]
Tremaux,0,614,M0_4.mz,"[14, 13"]
Modified,0,20,M0_4.mz,"[14, 13"]
Tremaux,0,90,M0_5.mz,"[0, 1"]
Modified,0,8,M0_5.mz,"[0, 1"]
Tremaux,0,106,M0_5.mz,"[1, 14"]
Modified,0,12,M0_5.mz,"[1, 14"]
Tremaux,0,284,M0_5.mz,"[2, 3"]
Modified,0,4,M0_5.mz,"[2, 3"]
Tremaux,0,218,M0_5.mz,"[3, 12"]
Modified,0,8,M0_5.mz,"[3, 12"]
Tremaux,0,294,M0_5.mz,"[6, 7"]
Modified,0,4,M0_5.mz,"[6, 7"]
Tremaux,0,652,M0_5.mz,"[7, 6"]
Modified,0,4,M0_5.mz,"[7, 6"]
Tremaux,0,82,M0_5.mz,"[7, 8"]
Modified,0,6,M0_5.mz,"[7, 8"]
Tremaux,0,148,M0_5.mz,"[8, 7"]
Modified,0,6,M0_5.mz,"[8, 7"]
Tremaux,0,110,M0_5.mz,"[11, 2"]
Modified,0,10,M0_5.mz,"[11, 2"]
Tremaux,0,334,M0_5.mz,"[12, 11"]
Modified,0,14,M0_5.mz,"[12, 11"]
Tremaux,0,316,M0_5.mz,"[13, 0"]
Modified,0,14,M0_5.mz,"[13, 0"]
Tremaux,0,234,M0_5.mz,"[14, 13"]
Modified,0,18,M0_5.mz,"[14, 13"]
Tremaux,0,122,M0_6.mz,"[0, 1"]
Modified,0,20,M0_6.mz,"[0, 1"]
Tremaux,0,818,M0_6.mz,"[1, 14"]
Modified,0,8,M0_6.mz,"[1, 14"]
Tremaux,0,808,M0_6.mz,"[2, 3"]
Modified,0,16,M0_6.mz,"[2, 3"]
Tremaux,0,278,M0_6.mz,"[3, 12"]
Modified,0,6,M0_6.mz,"[3, 12"]
Tremaux,0,440,M0_6.mz,"[6, 7"]
Modified,0,8,M0_6.mz,"[6, 7"]
Tremaux,0,438,M0_6.mz,"[7, 6"]
Modified,0,8,M0_6.mz,"[7, 6"]
Tremaux,0,458,M0_6.mz,"[7, 8"]
Modified,0,6,M0_6.mz,"[7, 8"]
Tremaux,0,126,M0_6.mz,"[8, 7"]
Modified,0,8,M0_6.mz,"[8, 7"]
Tremaux,0,506,M0_6.mz,"[11, 2"]
Modified,0,16,M0_6.mz,"[11, 2"]
Tremaux,0,288,M0_6.mz,"[12, 11"]
Modified,0,10,M0_6.mz,"[12, 11"]
Tremaux,0,224,M0_6.mz,"[13, 0"]
Modified,0,20,M0_6.mz,"[13, 0"]
Tremaux,0,78,M0_6.mz,"[14, 13"]
Modified,0,10,M0_6.mz,"[14, 13"]
Tremaux,0,777,M0_7.mz,"[0, 1"]
Modified,0,13,M0_7.mz,"[0, 1"]
Tremaux,0,371,M0_7.mz,"[1, 14"]
Modified,0,1,M0_7.mz,"[1, 14"]
Tremaux,0,797,M0_7.mz,"[2, 3"]
Modified,0,13,M0_7.mz,"[2, 3"]
Tremaux,0,231,M0_7.mz,"[3, 12"]
Modified,0,5,M0_7.mz,"[3, 12"]
Tremaux,0,129,M0_7.mz,"[6, 7"]
Modified,0,13,M0_7.mz,"[6, 7"]
Tremaux,0,279,M0_7.mz,"[7, 6"]
Modified,0,15,M0_7.mz,"[7, 6"]
Tremaux,0,243,M0_7.mz,"[7, 8"]
Modified,0,13,M0_7.mz,"[7, 8"]
Tremaux,0,189,M0_7.mz,"[8, 7"]
Modified,0,15,M0_7.mz,"[8, 7"]
Tremaux,0,109,M0_7.mz,"[11, 2"]
Modified,0,23,M0_7.mz,"[11, 2"]
Tremaux,0,419,M0_7.mz,"[12, 11"]
Modified,0,15,M0_7.mz,"[12, 11"]
Tremaux,0,95,M0_7.mz,"[13, 0"]
Modified,0,27,M0_7.mz,"[13, 0"]
Tremaux,0,85,M0_7.mz,"[14, 13"]
Modified,0,15,M0_7.mz,"[14, 13"]
Tremaux,0,272,M0_8.mz,"[0, 1"]
Modified,0,14,M0_8.mz,"[0, 1"]
Tremaux,0,700,M0_8.mz,"[1, 14"]
Modified,0,14,M0_8.mz,"[1, 14"]
Tremaux,0,720,M0_8.mz,"[2, 3"]
Modified,0,10,M0_8.mz,"[2, 3"]
Tremaux,0,112,M0_8.mz,"[3, 12"]
Modified,0,12,M0_8.mz,"[3, 12"]
Tremaux,0,752,M0_8.mz,"[6, 7"]
Modified,0,4,M0_8.mz,"[6, 7"]
Tremaux,0,248,M0_8.mz,"[7, 6"]
Modified,0,6,M0_8.mz,"[7, 6"]
Tremaux,0,748,M0_8.mz,"[7, 8"]
Modified,0,6,M0_8.mz,"[7, 8"]
Tremaux,0,508,M0_8.mz,"[8, 7"]
Modified,0,6,M0_8.mz,"[8, 7"]
Tremaux,0,296,M0_8.mz,"[11, 2"]
Modified,0,14,M0_8.mz,"[11, 2"]
Tremaux,0,706,M0_8.mz,"[12, 11"]
Modified,0,14,M0_8.mz,"[12, 11"]
Tremaux,0,272,M0_8.mz,"[13, 0"]
Modified,0,18,M0_8.mz,"[13, 0"]
Tremaux,0,742,M0_8.mz,"[14, 13"]
Modified,0,18,M0_8.mz,"[14, 13"]
Tremaux,0,529,M0_9.mz,"[0, 1"]
Modified,0,21,M0_9.mz,"[0, 1"]
Tremaux,0,233,M0_9.mz,"[1, 14"]
Modified,0,25,M0_9.mz,"[1, 14"]
Tremaux,0,205,M0_9.mz,"[2, 3"]
Modified,0,15,M0_9.mz,"[2, 3"]
Tremaux,0,71,M0_9.mz,"[3, 12"]
Modified,0,13,M0_9.mz,"[3, 12"]
Tremaux,0,437,M0_9.mz,"[6, 7"]
Modified,0,7,M0_9.mz,"[6, 7"]
Tremaux,0,19,M0_9.mz,"[7, 6"]
Modified,0,7,M0_9.mz,"[7, 6"]
Tremaux,0,103,M0_9.mz,"[7, 8"]
Modified,0,5,M0_9.mz,"[7, 8"]
Tremaux,0,11,M0_9.mz,"[8, 7"]
Modified,0,5,M0_9.mz,"[8, 7"]
Tremaux,0,263,M0_9.mz,"[11, 2"]
Modified,0,9,M0_9.mz,"[11, 2"]
Tremaux,0,629,M0_9.mz,"[12, 11"]
Modified,0,5,M0_9.mz,"[12, 11"]
Tremaux,0,379,M0_9.mz,"[13, 0"]
Modified,0,15,M0_9.mz,"[13, 0"]
Tremaux,0,471,M0_9.mz,"[14, 13"]
Modified,0,9,M0_9.mz,"[14, 13"]
Tremaux,30,53,M30_1.mz,"[0, 0"]
Modified,30,27,M30_1.mz,"[0, 0"]
Tremaux,30,400,M30_1.mz,"[0, 9"]
Modified,30,30,M30_1.mz,"[0, 9"]
Tremaux,30,243,M30_1.mz,"[0, 14"]
Modified,30,27,M30_1.mz,"[0, 14"]
Tremaux,30,104,M30_1.mz,"[5, 0"]
Modified,30,16,M30_1.mz,"[5, 0"]
Tremaux,30,551,M30_1.mz,"[5, 5"]
Modified,30,3,M30_1.mz,"[5, 5"]
Tremaux,30,203,M30_1.mz,"[5, 9"]
Modified,30,61,M30_1.mz,"[5, 9"]
Tremaux,30,51,M30_1.mz,"[9, 5"]
Modified,30,7,M30_1.mz,"[9, 5"]
Tremaux,30,201,M30_1.mz,"[9, 9"]
Modified,30,13,M30_1.mz,"[9, 9"]
Tremaux,30,284,M30_1.mz,"[9, 14"]
Modified,30,38,M30_1.mz,"[9, 14"]
Tremaux,30,513,M30_1.mz,"[14, 0"]
Modified,30,29,M30_1.mz,"[14, 0"]
Tremaux,30,266,M30_1.mz,"[14, 5"]
Modified,30,14,M30_1.mz,"[14, 5"]
Tremaux,30,343,M30_1.mz,"[14, 14"]
Modified,30,37,M30_1.mz,"[14, 14"]
Tremaux,30,32,M30_10.mz,"[0, 0"]
Modified,30,50,M30_10.mz,"[0, 0"]
Tremaux,30,561,M30_10.mz,"[0, 9"]
Modified,30,1,M30_10.mz,"[0, 9"]
Tremaux,30,330,M30_10.mz,"[0, 14"]
Modified,30,14,M30_10.mz,"[0, 14"]
Tremaux,30,523,M30_10.mz,"[5, 0"]
Modified,30,39,M30_10.mz,"[5, 0"]
Tremaux,30,438,M30_10.mz,"[5, 5"]
Modified,30,12,M30_10.mz,"[5, 5"]
Tremaux,30,516,M30_10.mz,"[5, 9"]
Modified,30,196,M30_10.mz,"[5, 9"]
Tremaux,30,30,M30_10.mz,"[9, 5"]
Modified,30,222,M30_10.mz,"[9, 5"]
Tremaux,30,328,M30_10.mz,"[9, 9"]
Modified,30,64,M30_10.mz,"[9, 9"]
Tremaux,30,351,M30_10.mz,"[9, 14"]
Modified,30,513,M30_10.mz,"[9, 14"]
Tremaux,30,458,M30_10.mz,"[14, 0"]
Modified,30,34,M30_10.mz,"[14, 0"]
Tremaux,30,57,M30_10.mz,"[14, 5"]
Modified,30,361,M30_10.mz,"[14, 5"]
Tremaux,30,186,M30_10.mz,"[14, 14"]
Modified,30,478,M30_10.mz,"[14, 14"]
Tremaux,30,482,M30_2.mz,"[0, 0"]
Modified,30,36,M30_2.mz,"[0, 0"]
Tremaux,30,309,M30_2.mz,"[0, 9"]
Modified,30,29,M30_2.mz,"[0, 9"]
Tremaux,30,48,M30_2.mz,"[0, 14"]
Modified,30,30,M30_2.mz,"[0, 14"]
Tremaux,30,231,M30_2.mz,"[5, 0"]
Modified,30,27,M30_2.mz,"[5, 0"]
Tremaux,30,44,M30_2.mz,"[5, 5"]
Modified,30,22,M30_2.mz,"[5, 5"]
Tremaux,30,74,M30_2.mz,"[5, 9"]
Modified,30,30,M30_2.mz,"[5, 9"]
Tremaux,30,218,M30_2.mz,"[9, 5"]
Modified,30,6,M30_2.mz,"[9, 5"]
Tremaux,30,498,M30_2.mz,"[9, 9"]
Modified,30,20,M30_2.mz,"[9, 9"]
Tremaux,30,557,M30_2.mz,"[9, 14"]
Modified,30,17,M30_2.mz,"[9, 14"]
Tremaux,30,284,M30_2.mz,"[14, 0"]
Modified,30,16,M30_2.mz,"[14, 0"]
Tremaux,30,191,M30_2.mz,"[14, 5"]
Modified,30,17,M30_2.mz,"[14, 5"]
Tremaux,30,284,M30_2.mz,"[14, 14"]
Modified,30,14,M30_2.mz,"[14, 14"]
Tremaux,30,195,M30_3.mz,"[0, 0"]
Modified,30,239,M30_3.mz,"[0, 0"]
Tremaux,30,178,M30_3.mz,"[0, 9"]
Modified,30,38,M30_3.mz,"[0, 9"]
Tremaux,30,325,M30_3.mz,"[0, 14"]
Modified,30,41,M30_3.mz,"[0, 14"]
Tremaux,30,298,M30_3.mz,"[5, 0"]
Modified,30,16,M30_3.mz,"[5, 0"]
Tremaux,30,437,M30_3.mz,"[5, 5"]
Modified,30,25,M30_3.mz,"[5, 5"]
Tremaux,30,81,M30_3.mz,"[5, 9"]
Modified,30,29,M30_3.mz,"[5, 9"]
Tremaux,30,481,M30_3.mz,"[9, 5"]
Modified,30,21,M30_3.mz,"[9, 5"]
Tremaux,30,225,M30_3.mz,"[9, 9"]
Modified,30,77,M30_3.mz,"[9, 9"]
Tremaux,30,388,M30_3.mz,"[9, 14"]
Modified,30,32,M30_3.mz,"[9, 14"]
Tremaux,30,337,M30_3.mz,"[14, 0"]
Modified,30,7,M30_3.mz,"[14, 0"]
Tremaux,30,134,M30_3.mz,"[14, 5"]
Modified,30,96,M30_3.mz,"[14, 5"]
Tremaux,30,483,M30_3.mz,"[14, 14"]
Modified,30,69,M30_3.mz,"[14, 14"]
Tremaux,30,460,M30_4.mz,"[0, 0"]
Modified,30,178,M30_4.mz,"[0, 0"]
Tremaux,30,149,M30_4.mz,"[0, 9"]
Modified,30,41,M30_4.mz,"[0, 9"]
Tremaux,30,280,M30_4.mz,"[0, 14"]
Modified,30,156,M30_4.mz,"[0, 14"]
Tremaux,30,205,M30_4.mz,"[5, 0"]
Modified,30,165,M30_4.mz,"[5, 0"]
Tremaux,30,444,M30_4.mz,"[5, 5"]
Modified,30,42,M30_4.mz,"[5, 5"]
Tremaux,30,306,M30_4.mz,"[5, 9"]
Modified,30,48,M30_4.mz,"[5, 9"]
Tremaux,30,254,M30_4.mz,"[9, 5"]
Modified,30,50,M30_4.mz,"[9, 5"]
Tremaux,30,306,M30_4.mz,"[9, 9"]
Modified,30,20,M30_4.mz,"[9, 9"]
Tremaux,30,109,M30_4.mz,"[9, 14"]
Modified,30,21,M30_4.mz,"[9, 14"]
Tremaux,30,308,M30_4.mz,"[14, 0"]
Modified,30,76,M30_4.mz,"[14, 0"]
Tremaux,30,327,M30_4.mz,"[14, 5"]
Modified,30,5,M30_4.mz,"[14, 5"]
Tremaux,30,262,M30_4.mz,"[14, 14"]
Modified,30,34,M30_4.mz,"[14, 14"]
Tremaux,30,369,M30_5.mz,"[0, 0"]
Modified,30,35,M30_5.mz,"[0, 0"]
Tremaux,30,0,M30_5.mz,"[0, 9"]
Modified,30,0,M30_5.mz,"[0, 9"]
Tremaux,30,283,M30_5.mz,"[0, 14"]
Modified,30,7,M30_5.mz,"[0, 14"]
Tremaux,30,112,M30_5.mz,"[5, 0"]
Modified,30,34,M30_5.mz,"[5, 0"]
Tremaux,30,103,M30_5.mz,"[5, 5"]
Modified,30,29,M30_5.mz,"[5, 5"]
Tremaux,30,25,M30_5.mz,"[5, 9"]
Modified,30,61,M30_5.mz,"[5, 9"]
Tremaux,30,127,M30_5.mz,"[9, 5"]
Modified,30,247,M30_5.mz,"[9, 5"]
Tremaux,30,415,M30_5.mz,"[9, 9"]
Modified,30,33,M30_5.mz,"[9, 9"]
Tremaux,30,46,M30_5.mz,"[9, 14"]
Modified,30,26,M30_5.mz,"[9, 14"]
Tremaux,30,471,M30_5.mz,"[14, 0"]
Modified,30,31,M30_5.mz,"[14, 0"]
Tremaux,30,182,M30_5.mz,"[14, 5"]
Modified,30,40,M30_5.mz,"[14, 5"]
Tremaux,30,51,M30_5.mz,"[14, 14"]
Modified,30,43,M30_5.mz,"[14, 14"]
Tremaux,30,424,M30_6.mz,"[0, 0"]
Modified,30,24,M30_6.mz,"[0, 0"]
Tremaux,30,239,M30_6.mz,"[0, 9"]
Modified,30,29,M30_6.mz,"[0, 9"]
Tremaux,30,436,M30_6.mz,"[0, 14"]
Modified,30,30,M30_6.mz,"[0, 14"]
Tremaux,30,341,M30_6.mz,"[5, 0"]
Modified,30,39,M30_6.mz,"[5, 0"]
Tremaux,30,330,M30_6.mz,"[5, 5"]
Modified,30,28,M30_6.mz,"[5, 5"]
Tremaux,30,550,M30_6.mz,"[5, 9"]
Modified,30,6,M30_6.mz,"[5, 9"]
Tremaux,30,388,M30_6.mz,"[9, 5"]
Modified,30,12,M30_6.mz,"[9, 5"]
Tremaux,30,554,M30_6.mz,"[9, 9"]
Modified,30,2,M30_6.mz,"[9, 9"]
Tremaux,30,543,M30_6.mz,"[9, 14"]
Modified,30,47,M30_6.mz,"[9, 14"]
Tremaux,30,280,M30_6.mz,"[14, 0"]
Modified,30,52,M30_6.mz,"[14, 0"]
Tremaux,30,201,M30_6.mz,"[14, 5"]
Modified,30,53,M30_6.mz,"[14, 5"]
Tremaux,30,362,M30_6.mz,"[14, 14"]
Modified,30,50,M30_6.mz,"[14, 14"]
Tremaux,30,237,M30_7.mz,"[0, 0"]
Modified,30,37,M30_7.mz,"[0, 0"]
Tremaux,30,200,M30_7.mz,"[0, 9"]
Modified,30,172,M30_7.mz,"[0, 9"]
Tremaux,30,125,M30_7.mz,"[0, 14"]
Modified,30,115,M30_7.mz,"[0, 14"]
Tremaux,30,182,M30_7.mz,"[5, 0"]
Modified,30,50,M30_7.mz,"[5, 0"]
Tremaux,30,475,M30_7.mz,"[5, 5"]
Modified,30,45,M30_7.mz,"[5, 5"]
Tremaux,30,129,M30_7.mz,"[5, 9"]
Modified,30,405,M30_7.mz,"[5, 9"]
Tremaux,30,81,M30_7.mz,"[9, 5"]
Modified,30,47,M30_7.mz,"[9, 5"]
Tremaux,30,3,M30_7.mz,"[9, 9"]
Modified,30,503,M30_7.mz,"[9, 9"]
Tremaux,30,228,M30_7.mz,"[9, 14"]
Modified,30,66,M30_7.mz,"[9, 14"]
Tremaux,30,449,M30_7.mz,"[14, 0"]
Modified,30,19,M30_7.mz,"[14, 0"]
Tremaux,30,76,M30_7.mz,"[14, 5"]
Modified,30,46,M30_7.mz,"[14, 5"]
Tremaux,30,197,M30_7.mz,"[14, 14"]
Modified,30,427,M30_7.mz,"[14, 14"]
Tremaux,30,211,M30_8.mz,"[0, 0"]
Modified,30,17,M30_8.mz,"[0, 0"]
Tremaux,30,324,M30_8.mz,"[0, 9"]
Modified,30,12,M30_8.mz,"[0, 9"]
Tremaux,30,343,M30_8.mz,"[0, 14"]
Modified,30,25,M30_8.mz,"[0, 14"]
Tremaux,30,354,M30_8.mz,"[5, 0"]
Modified,30,12,M30_8.mz,"[5, 0"]
Tremaux,30,339,M30_8.mz,"[5, 5"]
Modified,30,481,M30_8.mz,"[5, 5"]
Tremaux,30,165,M30_8.mz,"[5, 9"]
Modified,30,167,M30_8.mz,"[5, 9"]
Tremaux,30,359,M30_8.mz,"[9, 5"]
Modified,30,13,M30_8.mz,"[9, 5"]
Tremaux,30,351,M30_8.mz,"[9, 9"]
Modified,30,17,M30_8.mz,"[9, 9"]
Tremaux,30,472,M30_8.mz,"[9, 14"]
Modified,30,260,M30_8.mz,"[9, 14"]
Tremaux,30,127,M30_8.mz,"[14, 0"]
Modified,30,35,M30_8.mz,"[14, 0"]
Tremaux,30,450,M30_8.mz,"[14, 5"]
Modified,30,62,M30_8.mz,"[14, 5"]
Tremaux,30,453,M30_8.mz,"[14, 14"]
Modified,30,31,M30_8.mz,"[14, 14"]
Tremaux,30,298,M30_9.mz,"[0, 0"]
Modified,30,30,M30_9.mz,"[0, 0"]
Tremaux,30,335,M30_9.mz,"[0, 9"]
Modified,30,39,M30_9.mz,"[0, 9"]
Tremaux,30,376,M30_9.mz,"[0, 14"]
Modified,30,38,M30_9.mz,"[0, 14"]
Tremaux,30,295,M30_9.mz,"[5, 0"]
Modified,30,13,M30_9.mz,"[5, 0"]
Tremaux,30,494,M30_9.mz,"[5, 5"]
Modified,30,14,M30_9.mz,"[5, 5"]
Tremaux,30,368,M30_9.mz,"[5, 9"]
Modified,30,40,M30_9.mz,"[5, 9"]
Tremaux,30,198,M30_9.mz,"[9, 5"]
Modified,30,136,M30_9.mz,"[9, 5"]
Tremaux,30,34,M30_9.mz,"[9, 9"]
Modified,30,26,M30_9.mz,"[9, 9"]
Tremaux,30,385,M30_9.mz,"[9, 14"]
Modified,30,45,M30_9.mz,"[9, 14"]
Tremaux,30,248,M30_9.mz,"[14, 0"]
Modified,30,168,M30_9.mz,"[14, 0"]
Tremaux,30,245,M30_9.mz,"[14, 5"]
Modified,30,55,M30_9.mz,"[14, 5"]
Tremaux,30,194,M30_9.mz,"[14, 14"]
Modified,30,44,M30_9.mz,"[14, 14"]
Tremaux,60,87,M60_1.mz,"[0, 0"]
Modified,60,55,M60_1.mz,"[0, 0"]
Tremaux,60,17,M60_1.mz,"[0, 14"]
Modified,60,13,M60_1.mz,"[0, 14"]
Tremaux,60,59,M60_1.mz,"[2, 10"]
Modified,60,29,M60_1.mz,"[2, 10"]
Tremaux,60,399,M60_1.mz,"[4, 2"]
Modified,60,137,M60_1.mz,"[4, 2"]
Tremaux,60,38,M60_1.mz,"[6, 7"]
Modified,60,32,M60_1.mz,"[6, 7"]
Tremaux,60,432,M60_1.mz,"[7, 6"]
Modified,60,32,M60_1.mz,"[7, 6"]
Tremaux,60,186,M60_1.mz,"[7, 8"]
Modified,60,28,M60_1.mz,"[7, 8"]
Tremaux,60,84,M60_1.mz,"[8, 7"]
Modified,60,30,M60_1.mz,"[8, 7"]
Tremaux,60,445,M60_1.mz,"[10, 12"]
Modified,60,17,M60_1.mz,"[10, 12"]
Tremaux,60,137,M60_1.mz,"[12, 4"]
Modified,60,37,M60_1.mz,"[12, 4"]
Tremaux,60,223,M60_1.mz,"[14, 0"]
Modified,60,127,M60_1.mz,"[14, 0"]
Tremaux,60,9,M60_1.mz,"[14, 14"]
Modified,60,7,M60_1.mz,"[14, 14"]
Tremaux,60,297,M60_10.mz,"[0, 0"]
Modified,60,297,M60_10.mz,"[0, 0"]
Tremaux,60,235,M60_10.mz,"[0, 14"]
Modified,60,187,M60_10.mz,"[0, 14"]
Tremaux,60,103,M60_10.mz,"[2, 10"]
Modified,60,167,M60_10.mz,"[2, 10"]
Tremaux,60,199,M60_10.mz,"[4, 2"]
Modified,60,293,M60_10.mz,"[4, 2"]
Tremaux,60,314,M60_10.mz,"[6, 7"]
Modified,60,384,M60_10.mz,"[6, 7"]
Tremaux,60,324,M60_10.mz,"[7, 6"]
Modified,60,394,M60_10.mz,"[7, 6"]
Tremaux,60,182,M60_10.mz,"[7, 8"]
Modified,60,158,M60_10.mz,"[7, 8"]
Tremaux,60,62,M60_10.mz,"[8, 7"]
Modified,60,394,M60_10.mz,"[8, 7"]
Tremaux,60,447,M60_10.mz,"[10, 12"]
Modified,60,45,M60_10.mz,"[10, 12"]
Tremaux,60,99,M60_10.mz,"[12, 4"]
Modified,60,95,M60_10.mz,"[12, 4"]
Tremaux,60,347,M60_10.mz,"[14, 0"]
Modified,60,425,M60_10.mz,"[14, 0"]
Tremaux,60,59,M60_10.mz,"[14, 14"]
Modified,60,73,M60_10.mz,"[14, 14"]
Tremaux,60,277,M60_2.mz,"[0, 0"]
Modified,60,353,M60_2.mz,"[0, 0"]
Tremaux,60,227,M60_2.mz,"[0, 14"]
Modified,60,63,M60_2.mz,"[0, 14"]
Tremaux,60,323,M60_2.mz,"[2, 10"]
Modified,60,315,M60_2.mz,"[2, 10"]
Tremaux,60,321,M60_2.mz,"[4, 2"]
Modified,60,453,M60_2.mz,"[4, 2"]
Tremaux,60,424,M60_2.mz,"[6, 7"]
Modified,60,172,M60_2.mz,"[6, 7"]
Tremaux,60,184,M60_2.mz,"[7, 6"]
Modified,60,106,M60_2.mz,"[7, 6"]
Tremaux,60,36,M60_2.mz,"[7, 8"]
Modified,60,166,M60_2.mz,"[7, 8"]
Tremaux,60,24,M60_2.mz,"[8, 7"]
Modified,60,160,M60_2.mz,"[8, 7"]
Tremaux,60,207,M60_2.mz,"[10, 12"]
Modified,60,83,M60_2.mz,"[10, 12"]
Tremaux,60,41,M60_2.mz,"[12, 4"]
Modified,60,21,M60_2.mz,"[12, 4"]
Tremaux,60,423,M60_2.mz,"[14, 0"]
Modified,60,43,M60_2.mz,"[14, 0"]
Tremaux,60,367,M60_2.mz,"[14, 14"]
Modified,60,51,M60_2.mz,"[14, 14"]
Tremaux,60,333,M60_3.mz,"[0, 0"]
Modified,60,87,M60_3.mz,"[0, 0"]
Tremaux,60,285,M60_3.mz,"[0, 14"]
Modified,60,13,M60_3.mz,"[0, 14"]
Tremaux,60,299,M60_3.mz,"[2, 10"]
Modified,60,17,M60_3.mz,"[2, 10"]
Tremaux,60,69,M60_3.mz,"[4, 2"]
Modified,60,11,M60_3.mz,"[4, 2"]
Tremaux,60,442,M60_3.mz,"[6, 7"]
Modified,60,26,M60_3.mz,"[6, 7"]
Tremaux,60,96,M60_3.mz,"[7, 6"]
Modified,60,34,M60_3.mz,"[7, 6"]
Tremaux,60,382,M60_3.mz,"[7, 8"]
Modified,60,36,M60_3.mz,"[7, 8"]
Tremaux,60,144,M60_3.mz,"[8, 7"]
Modified,60,26,M60_3.mz,"[8, 7"]
Tremaux,60,105,M60_3.mz,"[10, 12"]
Modified,60,51,M60_3.mz,"[10, 12"]
Tremaux,60,103,M60_3.mz,"[12, 4"]
Modified,60,41,M60_3.mz,"[12, 4"]
Tremaux,60,417,M60_3.mz,"[14, 0"]
Modified,60,89,M60_3.mz,"[14, 0"]
Tremaux,60,315,M60_3.mz,"[14, 14"]
Modified,60,79,M60_3.mz,"[14, 14"]
Tremaux,60,121,M60_4.mz,"[0, 0"]
Modified,60,89,M60_4.mz,"[0, 0"]
Tremaux,60,159,M60_4.mz,"[0, 14"]
Modified,60,115,M60_4.mz,"[0, 14"]
Tremaux,60,373,M60_4.mz,"[2, 10"]
Modified,60,83,M60_4.mz,"[2, 10"]
Tremaux,60,97,M60_4.mz,"[4, 2"]
Modified,60,93,M60_4.mz,"[4, 2"]
Tremaux,60,30,M60_4.mz,"[6, 7"]
Modified,60,16,M60_4.mz,"[6, 7"]
Tremaux,60,302,M60_4.mz,"[7, 6"]
Modified,60,60,M60_4.mz,"[7, 6"]
Tremaux,60,16,M60_4.mz,"[7, 8"]
Modified,60,40,M60_4.mz,"[7, 8"]
Tremaux,60,438,M60_4.mz,"[8, 7"]
Modified,60,40,M60_4.mz,"[8, 7"]
Tremaux,60,145,M60_4.mz,"[10, 12"]
Modified,60,161,M60_4.mz,"[10, 12"]
Tremaux,60,349,M60_4.mz,"[12, 4"]
Modified,60,219,M60_4.mz,"[12, 4"]
Tremaux,60,409,M60_4.mz,"[14, 0"]
Modified,60,193,M60_4.mz,"[14, 0"]
Tremaux,60,435,M60_4.mz,"[14, 14"]
Modified,60,19,M60_4.mz,"[14, 14"]
Tremaux,60,478,M60_5.mz,"[0, 0"]
Modified,60,28,M60_5.mz,"[0, 0"]
Tremaux,60,192,M60_5.mz,"[0, 14"]
Modified,60,34,M60_5.mz,"[0, 14"]
Tremaux,60,112,M60_5.mz,"[2, 10"]
Modified,60,88,M60_5.mz,"[2, 10"]
Tremaux,60,288,M60_5.mz,"[4, 2"]
Modified,60,48,M60_5.mz,"[4, 2"]
Tremaux,60,7,M60_5.mz,"[6, 7"]
Modified,60,3,M60_5.mz,"[6, 7"]
Tremaux,60,9,M60_5.mz,"[7, 6"]
Modified,60,3,M60_5.mz,"[7, 6"]
Tremaux,60,201,M60_5.mz,"[7, 8"]
Modified,60,5,M60_5.mz,"[7, 8"]
Tremaux,60,213,M60_5.mz,"[8, 7"]
Modified,60,5,M60_5.mz,"[8, 7"]
Tremaux,60,314,M60_5.mz,"[10, 12"]
Modified,60,88,M60_5.mz,"[10, 12"]
Tremaux,60,408,M60_5.mz,"[12, 4"]
Modified,60,12,M60_5.mz,"[12, 4"]
Tremaux,60,412,M60_5.mz,"[14, 0"]
Modified,60,90,M60_5.mz,"[14, 0"]
Tremaux,60,374,M60_5.mz,"[14, 14"]
Modified,60,74,M60_5.mz,"[14, 14"]
Tremaux,60,404,M60_6.mz,"[0, 0"]
Modified,60,38,M60_6.mz,"[0, 0"]
Tremaux,60,386,M60_6.mz,"[0, 14"]
Modified,60,360,M60_6.mz,"[0, 14"]
Tremaux,60,344,M60_6.mz,"[2, 10"]
Modified,60,364,M60_6.mz,"[2, 10"]
Tremaux,60,176,M60_6.mz,"[4, 2"]
Modified,60,268,M60_6.mz,"[4, 2"]
Tremaux,60,59,M60_6.mz,"[6, 7"]
Modified,60,325,M60_6.mz,"[6, 7"]
Tremaux,60,11,M60_6.mz,"[7, 6"]
Modified,60,9,M60_6.mz,"[7, 6"]
Tremaux,60,293,M60_6.mz,"[7, 8"]
Modified,60,329,M60_6.mz,"[7, 8"]
Tremaux,60,233,M60_6.mz,"[8, 7"]
Modified,60,233,M60_6.mz,"[8, 7"]
Tremaux,60,316,M60_6.mz,"[10, 12"]
Modified,60,274,M60_6.mz,"[10, 12"]
Tremaux,60,8,M60_6.mz,"[12, 4"]
Modified,60,8,M60_6.mz,"[12, 4"]
Tremaux,60,438,M60_6.mz,"[14, 0"]
Modified,60,28,M60_6.mz,"[14, 0"]
Tremaux,60,240,M60_6.mz,"[14, 14"]
Modified,60,272,M60_6.mz,"[14, 14"]
Tremaux,60,117,M60_7.mz,"[0, 0"]
Modified,60,63,M60_7.mz,"[0, 0"]
Tremaux,60,25,M60_7.mz,"[0, 14"]
Modified,60,13,M60_7.mz,"[0, 14"]
Tremaux,60,309,M60_7.mz,"[2, 10"]
Modified,60,23,M60_7.mz,"[2, 10"]
Tremaux,60,45,M60_7.mz,"[4, 2"]
Modified,60,35,M60_7.mz,"[4, 2"]
Tremaux,60,162,M60_7.mz,"[6, 7"]
Modified,60,392,M60_7.mz,"[6, 7"]
Tremaux,60,386,M60_7.mz,"[7, 6"]
Modified,60,44,M60_7.mz,"[7, 6"]
Tremaux,60,414,M60_7.mz,"[7, 8"]
Modified,60,396,M60_7.mz,"[7, 8"]
Tremaux,60,88,M60_7.mz,"[8, 7"]
Modified,60,74,M60_7.mz,"[8, 7"]
Tremaux,60,429,M60_7.mz,"[10, 12"]
Modified,60,241,M60_7.mz,"[10, 12"]
Tremaux,60,245,M60_7.mz,"[12, 4"]
Modified,60,65,M60_7.mz,"[12, 4"]
Tremaux,60,327,M60_7.mz,"[14, 0"]
Modified,60,91,M60_7.mz,"[14, 0"]
Tremaux,60,35,M60_7.mz,"[14, 14"]
Modified,60,203,M60_7.mz,"[14, 14"]
Tremaux,60,12,M60_8.mz,"[0, 0"]
Modified,60,18,M60_8.mz,"[0, 0"]
Tremaux,60,356,M60_8.mz,"[0, 14"]
Modified,60,64,M60_8.mz,"[0, 14"]
Tremaux,60,200,M60_8.mz,"[2, 10"]
Modified,60,44,M60_8.mz,"[2, 10"]
Tremaux,60,290,M60_8.mz,"[4, 2"]
Modified,60,24,M60_8.mz,"[4, 2"]
Tremaux,60,301,M60_8.mz,"[6, 7"]
Modified,60,67,M60_8.mz,"[6, 7"]
Tremaux,60,459,M60_8.mz,"[7, 6"]
Modified,60,123,M60_8.mz,"[7, 6"]
Tremaux,60,311,M60_8.mz,"[7, 8"]
Modified,60,65,M60_8.mz,"[7, 8"]
Tremaux,60,381,M60_8.mz,"[8, 7"]
Modified,60,37,M60_8.mz,"[8, 7"]
Tremaux,60,436,M60_8.mz,"[10, 12"]
Modified,60,68,M60_8.mz,"[10, 12"]
Tremaux,60,58,M60_8.mz,"[12, 4"]
Modified,60,54,M60_8.mz,"[12, 4"]
Tremaux,60,32,M60_8.mz,"[14, 0"]
Modified,60,134,M60_8.mz,"[14, 0"]
Tremaux,60,126,M60_8.mz,"[14, 14"]
Modified,60,76,M60_8.mz,"[14, 14"]
Tremaux,60,365,M60_9.mz,"[0, 0"]
Modified,60,3,M60_9.mz,"[0, 0"]
Tremaux,60,173,M60_9.mz,"[0, 14"]
Modified,60,61,M60_9.mz,"[0, 14"]
Tremaux,60,73,M60_9.mz,"[2, 10"]
Modified,60,39,M60_9.mz,"[2, 10"]
Tremaux,60,61,M60_9.mz,"[4, 2"]
Modified,60,87,M60_9.mz,"[4, 2"]
Tremaux,60,332,M60_9.mz,"[6, 7"]
Modified,60,64,M60_9.mz,"[6, 7"]
Tremaux,60,46,M60_9.mz,"[7, 6"]
Modified,60,48,M60_9.mz,"[7, 6"]
Tremaux,60,132,M60_9.mz,"[7, 8"]
Modified,60,60,M60_9.mz,"[7, 8"]
Tremaux,60,276,M60_9.mz,"[8, 7"]
Modified,60,170,M60_9.mz,"[8, 7"]
Tremaux,60,127,M60_9.mz,"[10, 12"]
Modified,60,79,M60_9.mz,"[10, 12"]
Tremaux,60,377,M60_9.mz,"[12, 4"]
Modified,60,101,M60_9.mz,"[12, 4"]
Tremaux,60,309,M60_9.mz,"[14, 0"]
Modified,60,97,M60_9.mz,"[14, 0"]
Tremaux,60,175,M60_9.mz,"[14, 14"]
Modified,60,125,M60_9.mz,"[14, 14"]
Tremaux,100,152,M100_1.mz,"[0, 13"]
Modified,100,68,M100_1.mz,"[0, 13"]
Tremaux,100,112,M100_1.mz,"[1, 0"]
Modified,100,100,M100_1.mz,"[1, 0"]
Tremaux,100,33,M100_1.mz,"[1, 11"]
Modified,100,65,M100_1.mz,"[1, 11"]
Tremaux,100,83,M100_1.mz,"[3, 1"]
Modified,100,111,M100_1.mz,"[3, 1"]
Tremaux,100,376,M100_1.mz,"[6, 7"]
Modified,100,42,M100_1.mz,"[6, 7"]
Tremaux,100,404,M100_1.mz,"[7, 6"]
Modified,100,28,M100_1.mz,"[7, 6"]
Tremaux,100,222,M100_1.mz,"[7, 8"]
Modified,100,30,M100_1.mz,"[7, 8"]
Tremaux,100,44,M100_1.mz,"[8, 7"]
Modified,100,40,M100_1.mz,"[8, 7"]
Tremaux,100,265,M100_1.mz,"[11, 13"]
Modified,100,35,M100_1.mz,"[11, 13"]
Tremaux,100,201,M100_1.mz,"[13, 3"]
Modified,100,61,M100_1.mz,"[13, 3"]
Tremaux,100,186,M100_1.mz,"[13, 14"]
Modified,100,202,M100_1.mz,"[13, 14"]
Tremaux,100,388,M100_1.mz,"[14, 1"]
Modified,100,58,M100_1.mz,"[14, 1"]
Tremaux,100,208,M100_10.mz,"[0, 13"]
Modified,100,156,M100_10.mz,"[0, 13"]
Tremaux,100,428,M100_10.mz,"[1, 0"]
Modified,100,396,M100_10.mz,"[1, 0"]
Tremaux,100,151,M100_10.mz,"[1, 11"]
Modified,100,143,M100_10.mz,"[1, 11"]
Tremaux,100,417,M100_10.mz,"[3, 1"]
Modified,100,379,M100_10.mz,"[3, 1"]
Tremaux,100,270,M100_10.mz,"[6, 7"]
Modified,100,284,M100_10.mz,"[6, 7"]
Tremaux,100,308,M100_10.mz,"[7, 6"]
Modified,100,286,M100_10.mz,"[7, 6"]
Tremaux,100,72,M100_10.mz,"[7, 8"]
Modified,100,48,M100_10.mz,"[7, 8"]
Tremaux,100,384,M100_10.mz,"[8, 7"]
Modified,100,76,M100_10.mz,"[8, 7"]
Tremaux,100,263,M100_10.mz,"[11, 13"]
Modified,100,103,M100_10.mz,"[11, 13"]
Tremaux,100,1,M100_10.mz,"[13, 3"]
Modified,100,1,M100_10.mz,"[13, 3"]
Tremaux,100,116,M100_10.mz,"[13, 14"]
Modified,100,106,M100_10.mz,"[13, 14"]
Tremaux,100,36,M100_10.mz,"[14, 1"]
Modified,100,4,M100_10.mz,"[14, 1"]
Tremaux,100,52,M100_2.mz,"[0, 13"]
Modified,100,46,M100_2.mz,"[0, 13"]
Tremaux,100,50,M100_2.mz,"[1, 0"]
Modified,100,98,M100_2.mz,"[1, 0"]
Tremaux,100,57,M100_2.mz,"[1, 11"]
Modified,100,41,M100_2.mz,"[1, 11"]
Tremaux,100,215,M100_2.mz,"[3, 1"]
Modified,100,97,M100_2.mz,"[3, 1"]
Tremaux,100,442,M100_2.mz,"[6, 7"]
Modified,100,6,M100_2.mz,"[6, 7"]
Tremaux,100,24,M100_2.mz,"[7, 6"]
Modified,100,8,M100_2.mz,"[7, 6"]
Tremaux,100,326,M100_2.mz,"[7, 8"]
Modified,100,120,M100_2.mz,"[7, 8"]
Tremaux,100,298,M100_2.mz,"[8, 7"]
Modified,100,8,M100_2.mz,"[8, 7"]
Tremaux,100,177,M100_2.mz,"[11, 13"]
Modified,100,67,M100_2.mz,"[11, 13"]
Tremaux,100,211,M100_2.mz,"[13, 3"]
Modified,100,101,M100_2.mz,"[13, 3"]
Tremaux,100,176,M100_2.mz,"[13, 14"]
Modified,100,136,M100_2.mz,"[13, 14"]
Tremaux,100,212,M100_2.mz,"[14, 1"]
Modified,100,72,M100_2.mz,"[14, 1"]
Tremaux,100,9,M100_3.mz,"[0, 13"]
Modified,100,5,M100_3.mz,"[0, 13"]
Tremaux,100,69,M100_3.mz,"[1, 0"]
Modified,100,115,M100_3.mz,"[1, 0"]
Tremaux,100,8,M100_3.mz,"[1, 11"]
Modified,100,4,M100_3.mz,"[1, 11"]
Tremaux,100,88,M100_3.mz,"[3, 1"]
Modified,100,120,M100_3.mz,"[3, 1"]
Tremaux,100,137,M100_3.mz,"[6, 7"]
Modified,100,109,M100_3.mz,"[6, 7"]
Tremaux,100,235,M100_3.mz,"[7, 6"]
Modified,100,67,M100_3.mz,"[7, 6"]
Tremaux,100,163,M100_3.mz,"[7, 8"]
Modified,100,147,M100_3.mz,"[7, 8"]
Tremaux,100,205,M100_3.mz,"[8, 7"]
Modified,100,85,M100_3.mz,"[8, 7"]
Tremaux,100,256,M100_3.mz,"[11, 13"]
Modified,100,252,M100_3.mz,"[11, 13"]
Tremaux,100,310,M100_3.mz,"[13, 3"]
Modified,100,74,M100_3.mz,"[13, 3"]
Tremaux,100,217,M100_3.mz,"[13, 14"]
Modified,100,59,M100_3.mz,"[13, 14"]
Tremaux,100,255,M100_3.mz,"[14, 1"]
Modified,100,85,M100_3.mz,"[14, 1"]
Tremaux,100,196,M100_4.mz,"[0, 13"]
Modified,100,76,M100_4.mz,"[0, 13"]
Tremaux,100,150,M100_4.mz,"[1, 0"]
Modified,100,104,M100_4.mz,"[1, 0"]
Tremaux,100,67,M100_4.mz,"[1, 11"]
Modified,100,85,M100_4.mz,"[1, 11"]
Tremaux,100,293,M100_4.mz,"[3, 1"]
Modified,100,93,M100_4.mz,"[3, 1"]
Tremaux,100,256,M100_4.mz,"[6, 7"]
Modified,100,76,M100_4.mz,"[6, 7"]
Tremaux,100,102,M100_4.mz,"[7, 6"]
Modified,100,100,M100_4.mz,"[7, 6"]
Tremaux,100,102,M100_4.mz,"[7, 8"]
Modified,100,342,M100_4.mz,"[7, 8"]
Tremaux,100,106,M100_4.mz,"[8, 7"]
Modified,100,344,M100_4.mz,"[8, 7"]
Tremaux,100,251,M100_4.mz,"[11, 13"]
Modified,100,253,M100_4.mz,"[11, 13"]
Tremaux,100,395,M100_4.mz,"[13, 3"]
Modified,100,51,M100_4.mz,"[13, 3"]
Tremaux,100,438,M100_4.mz,"[13, 14"]
Modified,100,256,M100_4.mz,"[13, 14"]
Tremaux,100,126,M100_4.mz,"[14, 1"]
Modified,100,378,M100_4.mz,"[14, 1"]
Tremaux,100,320,M100_5.mz,"[0, 13"]
Modified,100,144,M100_5.mz,"[0, 13"]
Tremaux,100,98,M100_5.mz,"[1, 0"]
Modified,100,52,M100_5.mz,"[1, 0"]
Tremaux,100,299,M100_5.mz,"[1, 11"]
Modified,100,147,M100_5.mz,"[1, 11"]
Tremaux,100,57,M100_5.mz,"[3, 1"]
Modified,100,59,M100_5.mz,"[3, 1"]
Tremaux,100,360,M100_5.mz,"[6, 7"]
Modified,100,160,M100_5.mz,"[6, 7"]
Tremaux,100,410,M100_5.mz,"[7, 6"]
Modified,100,30,M100_5.mz,"[7, 6"]
Tremaux,100,264,M100_5.mz,"[7, 8"]
Modified,100,64,M100_5.mz,"[7, 8"]
Tremaux,100,192,M100_5.mz,"[8, 7"]
Modified,100,216,M100_5.mz,"[8, 7"]
Tremaux,100,27,M100_5.mz,"[11, 13"]
Modified,100,257,M100_5.mz,"[11, 13"]
Tremaux,100,25,M100_5.mz,"[13, 3"]
Modified,100,23,M100_5.mz,"[13, 3"]
Tremaux,100,176,M100_5.mz,"[13, 14"]
Modified,100,12,M100_5.mz,"[13, 14"]
Tremaux,100,134,M100_5.mz,"[14, 1"]
Modified,100,120,M100_5.mz,"[14, 1"]
Tremaux,100,267,M100_6.mz,"[0, 13"]
Modified,100,275,M100_6.mz,"[0, 13"]
Tremaux,100,295,M100_6.mz,"[1, 0"]
Modified,100,229,M100_6.mz,"[1, 0"]
Tremaux,100,256,M100_6.mz,"[1, 11"]
Modified,100,276,M100_6.mz,"[1, 11"]
Tremaux,100,310,M100_6.mz,"[3, 1"]
Modified,100,232,M100_6.mz,"[3, 1"]
Tremaux,100,77,M100_6.mz,"[6, 7"]
Modified,100,9,M100_6.mz,"[6, 7"]
Tremaux,100,355,M100_6.mz,"[7, 6"]
Modified,100,67,M100_6.mz,"[7, 6"]
Tremaux,100,439,M100_6.mz,"[7, 8"]
Modified,100,79,M100_6.mz,"[7, 8"]
Tremaux,100,403,M100_6.mz,"[8, 7"]
Modified,100,17,M100_6.mz,"[8, 7"]
Tremaux,100,120,M100_6.mz,"[11, 13"]
Modified,100,94,M100_6.mz,"[11, 13"]
Tremaux,100,140,M100_6.mz,"[13, 3"]
Modified,100,366,M100_6.mz,"[13, 3"]
Tremaux,100,381,M100_6.mz,"[13, 14"]
Modified,100,373,M100_6.mz,"[13, 14"]
Tremaux,100,343,M100_6.mz,"[14, 1"]
Modified,100,257,M100_6.mz,"[14, 1"]
Tremaux,100,175,M100_7.mz,"[0, 13"]
Modified,100,235,M100_7.mz,"[0, 13"]
Tremaux,100,167,M100_7.mz,"[1, 0"]
Modified,100,167,M100_7.mz,"[1, 0"]
Tremaux,100,262,M100_7.mz,"[1, 11"]
Modified,100,220,M100_7.mz,"[1, 11"]
Tremaux,100,246,M100_7.mz,"[3, 1"]
Modified,100,160,M100_7.mz,"[3, 1"]
Tremaux,100,257,M100_7.mz,"[6, 7"]
Modified,100,203,M100_7.mz,"[6, 7"]
Tremaux,100,395,M100_7.mz,"[7, 6"]
Modified,100,17,M100_7.mz,"[7, 6"]
Tremaux,100,207,M100_7.mz,"[7, 8"]
Modified,100,197,M100_7.mz,"[7, 8"]
Tremaux,100,103,M100_7.mz,"[8, 7"]
Modified,100,33,M100_7.mz,"[8, 7"]
Tremaux,100,100,M100_7.mz,"[11, 13"]
Modified,100,46,M100_7.mz,"[11, 13"]
Tremaux,100,106,M100_7.mz,"[13, 3"]
Modified,100,32,M100_7.mz,"[13, 3"]
Tremaux,100,121,M100_7.mz,"[13, 14"]
Modified,100,63,M100_7.mz,"[13, 14"]
Tremaux,100,59,M100_7.mz,"[14, 1"]
Modified,100,29,M100_7.mz,"[14, 1"]
Tremaux,100,412,M100_8.mz,"[0, 13"]
Modified,100,18,M100_8.mz,"[0, 13"]
Tremaux,100,104,M100_8.mz,"[1, 0"]
Modified,100,48,M100_8.mz,"[1, 0"]
Tremaux,100,435,M100_8.mz,"[1, 11"]
Modified,100,9,M100_8.mz,"[1, 11"]
Tremaux,100,85,M100_8.mz,"[3, 1"]
Modified,100,63,M100_8.mz,"[3, 1"]
Tremaux,100,156,M100_8.mz,"[6, 7"]
Modified,100,156,M100_8.mz,"[6, 7"]
Tremaux,100,28,M100_8.mz,"[7, 6"]
Modified,100,130,M100_8.mz,"[7, 6"]
Tremaux,100,172,M100_8.mz,"[7, 8"]
Modified,100,12,M100_8.mz,"[7, 8"]
Tremaux,100,316,M100_8.mz,"[8, 7"]
Modified,100,132,M100_8.mz,"[8, 7"]
Tremaux,100,59,M100_8.mz,"[11, 13"]
Modified,100,181,M100_8.mz,"[11, 13"]
Tremaux,100,327,M100_8.mz,"[13, 3"]
Modified,100,71,M100_8.mz,"[13, 3"]
Tremaux,100,296,M100_8.mz,"[13, 14"]
Modified,100,92,M100_8.mz,"[13, 14"]
Tremaux,100,332,M100_8.mz,"[14, 1"]
Modified,100,102,M100_8.mz,"[14, 1"]
Tremaux,100,9,M100_9.mz,"[0, 13"]
Modified,100,9,M100_9.mz,"[0, 13"]
Tremaux,100,85,M100_9.mz,"[1, 0"]
Modified,100,47,M100_9.mz,"[1, 0"]
Tremaux,100,0,M100_9.mz,"[1, 11"]
Modified,100,0,M100_9.mz,"[1, 11"]
Tremaux,100,170,M100_9.mz,"[3, 1"]
Modified,100,56,M100_9.mz,"[3, 1"]
Tremaux,100,315,M100_9.mz,"[6, 7"]
Modified,100,309,M100_9.mz,"[6, 7"]
Tremaux,100,211,M100_9.mz,"[7, 6"]
Modified,100,191,M100_9.mz,"[7, 6"]
Tremaux,100,307,M100_9.mz,"[7, 8"]
Modified,100,13,M100_9.mz,"[7, 8"]
Tremaux,100,289,M100_9.mz,"[8, 7"]
Modified,100,205,M100_9.mz,"[8, 7"]
Tremaux,100,368,M100_9.mz,"[11, 13"]
Modified,100,18,M100_9.mz,"[11, 13"]
Tremaux,100,74,M100_9.mz,"[13, 3"]
Modified,100,216,M100_9.mz,"[13, 3"]
Tremaux,100,61,M100_9.mz,"[13, 14"]
Modified,100,51,M100_9.mz,"[13, 14"]
Tremaux,100,113,M100_9.mz,"[14, 1"]
Modified,100,77,M100_9.mz,"[14, 1"]
